estado,estoque_mpes,aberturas_recentes_2024_2026,taxa_dinamismo_pct,tempo_abertura_horas,indice_agilidade
Acre,50143,0,0.0,187.3,0.0
Alagoas,221007,0,0.0,175.3,0.0
Amapá,47860,0,0.0,186.5,0.0
Amazonas,275750,0,0.0,183.7,0.0
Bahia,1187528,0,0.0,327.5,0.0
Ceará,711794,0,0.0,137.7,0.0
Distrito Federal,450439,0,0.0,167.2,0.0
Espírito Santo,577764,0,0.0,154.6,0.0
Exterior,499,0,0.0,,
Goiás,1005787,0,0.0,120.1,0.0
Maranhão,334268,0,0.0,150.7,0.0
Mato Grosso,549369,0,0.0,138.5,0.0
Mato Grosso do Sul,365544,0,0.0,154.2,0.0
Minas Gerais,2769478,0,0.0,232.5,0.0
Não informado,536,0,0.0,,
Paraná,1923078,0,0.0,136.5,0.0
Paraíba,329207,0,0.0,182.4,0.0
Pará,519485,0,0.0,269.9,0.0
Pernambuco,726366,0,0.0,253.4,0.0
Piauí,211031,0,0.0,151.1,0.0
Rio Grande do Norte,289936,0,0.0,171.0,0.0
Rio Grande do Sul,1644301,0,0.0,167.5,0.0
Rio de Janeiro,2189406,0,0.0,298.7,0.0
Rondônia,161482,0,0.0,146.8,0.0
Roraima,47779,0,0.0,145.8,0.0
Santa Catarina,1474727,0,0.0,215.7,0.0
Sergipe,162782,0,0.0,119.7,0.0
São Paulo,8402276,0,0.0,224.1,0.0
Tocantins,168783,0,0.0,134.1,0.0
