uf,periodo_referencia,tempo_abertura_dias,tempo_abertura_horas,tempo_total_horas,municipios_integrados,total_municipios,pct_municipios_integrados,aberturas_recentes_2024_2026,score_agilidade
PR,2026-09,0,9,9.0,381,399,95.5,0,152.8
PI,2026-09,0,6,6.0,140,224,62.5,0,150.0
SE,2026-09,0,10,10.0,68,75,90.7,0,130.61
ES,2026-09,0,12,12.0,71,78,91.0,0,109.2
AL,2026-09,0,11,11.0,74,102,72.5,0,94.91
SC,2026-09,0,19,19.0,282,295,95.6,0,72.45
CE,2026-09,0,20,20.0,184,184,100.0,0,72.0
RO,2026-09,0,19,19.0,48,52,92.3,0,69.95
MS,2026-09,0,20,20.0,70,79,88.6,0,63.79
MA,2026-09,0,15,15.0,140,217,64.5,0,61.92
RS,2026-09,0,23,23.0,490,497,98.6,0,61.73
AC,2026-09,1,0,24.0,22,22,100.0,0,60.0
DF,2026-09,1,1,25.0,1,1,100.0,0,57.6
GO,2026-09,0,19,19.0,178,246,72.4,0,54.87
AM,2026-09,1,3,27.0,62,62,100.0,0,53.33
PB,2026-09,0,19,19.0,147,223,65.9,0,49.95
RJ,2026-09,1,6,30.0,91,92,98.9,0,47.47
RN,2026-09,0,22,22.0,117,167,70.1,0,45.88
TO,2026-09,0,23,23.0,101,139,72.7,0,45.52
RR,2026-09,1,10,34.0,15,15,100.0,0,42.35
AP,2026-09,1,8,32.0,15,16,93.8,0,42.21
PE,2026-09,0,23,23.0,106,185,57.3,0,35.87
BA,2026-09,1,4,28.0,263,417,63.1,0,32.45
SP,2026-09,1,16,40.0,534,645,82.8,0,29.81
MT,2026-09,2,16,64.0,141,142,99.3,0,22.34
PA,2026-09,2,9,57.0,121,144,84.0,0,21.22
MG,2026-09,1,16,40.0,319,853,37.4,0,13.46
