estado,total_empresas,mei,me,epp,demais,pct_mei,pct_me,pct_epp,pct_demais,indice_concentracao_mei
São Paulo,8402276,3856033,2780199,523175,1242869,45.9,33.1,6.2,14.8,0.459
Minas Gerais,2769478,1525858,960648,130515,152457,55.1,34.7,4.7,5.5,0.551
Rio de Janeiro,2189406,1293946,645932,114612,134916,59.1,29.5,5.2,6.2,0.591
Paraná,1923078,944527,766584,95782,116185,49.1,39.9,5.0,6.0,0.491
Rio Grande do Sul,1644301,842394,599690,105133,97084,51.2,36.5,6.4,5.9,0.512
Santa Catarina,1474727,746461,531124,93061,104081,50.6,36.0,6.3,7.1,0.506
Bahia,1187528,636439,446513,52037,52539,53.6,37.6,4.4,4.4,0.536
Goiás,1005787,533711,369316,49137,53623,53.1,36.7,4.9,5.3,0.531
Pernambuco,726366,400927,240878,43778,40783,55.2,33.2,6.0,5.6,0.552
Ceará,711794,365503,278171,30714,37406,51.3,39.1,4.3,5.3,0.513
Espírito Santo,577764,331621,181181,31187,33775,57.4,31.4,5.4,5.8,0.574
Mato Grosso,549369,269173,191966,51898,36332,49.0,34.9,9.4,6.6,0.49
Pará,519485,247495,197722,52482,21786,47.6,38.1,10.1,4.2,0.476
Distrito Federal,450439,208576,178599,33256,30008,46.3,39.6,7.4,6.7,0.463
Mato Grosso do Sul,365544,186782,129119,26619,23024,51.1,35.3,7.3,6.3,0.511
Maranhão,334268,143106,150030,25149,15983,42.8,44.9,7.5,4.8,0.428
Paraíba,329207,181290,117802,16078,14037,55.1,35.8,4.9,4.3,0.551
Rio Grande do Norte,289936,154642,104293,15005,15996,53.3,36.0,5.2,5.5,0.533
Amazonas,275750,136605,95261,30075,13809,49.5,34.5,10.9,5.0,0.495
Alagoas,221007,122650,73749,13831,10777,55.5,33.4,6.3,4.9,0.555
Piauí,211031,97273,89552,14148,10058,46.1,42.4,6.7,4.8,0.461
Tocantins,168783,87804,59889,11738,9352,52.0,35.5,7.0,5.5,0.52
Sergipe,162782,87635,59566,8622,6959,53.8,36.6,5.3,4.3,0.538
Rondônia,161482,81453,59453,11510,9066,50.4,36.8,7.1,5.6,0.504
Acre,50143,22986,21284,3465,2408,45.8,42.4,6.9,4.8,0.458
Amapá,47860,20084,20129,5393,2254,42.0,42.1,11.3,4.7,0.42
Roraima,47779,24654,17193,3745,2187,51.6,36.0,7.8,4.6,0.516
Não informado,536,197,185,80,74,36.8,34.5,14.9,13.8,0.368
Exterior,499,0,58,17,424,0.0,11.6,3.4,85.0,0.0
