uf,periodo,total_municipios,municipios_integrados,pct_integrados,pj_ativas_integrados,pj_total_uf,faixa
RR,2020-12,15,15,100.0,52296,52296,0
DF,2020-12,1,1,100.0,363253,363253,0
AC,2020-12,22,22,100.0,54675,54675,0
CE,2020-12,184,184,100.0,636046,636046,1
AM,2020-12,62,62,100.0,225375,225375,0
MT,2020-12,142,141,99.3,570216,570445,0
RJ,2020-12,92,91,98.9,1896134,1897847,0
RS,2020-12,497,490,98.6,1469466,1471035,2
SC,2020-12,295,282,95.6,1516735,1553251,1
PR,2020-12,399,381,95.5,1212693,1471123,0
AP,2020-12,16,15,93.8,51414,51523,0
RO,2020-12,52,48,92.3,143591,175349,0
ES,2020-12,78,71,91.0,609400,615653,0
SE,2020-12,75,68,90.7,174517,178098,0
MS,2020-12,79,70,88.6,358323,370490,0
PA,2020-12,144,121,84.0,501999,513474,1
SP,2020-12,645,534,82.8,6166949,7300815,0
TO,2020-12,139,101,72.7,169049,180815,0
AL,2020-12,102,74,72.5,217027,235085,0
GO,2020-12,246,178,72.4,570920,716312,0
RN,2020-12,167,117,70.1,256506,314386,0
PB,2020-12,223,147,65.9,136366,350502,1
MA,2020-12,217,140,64.5,226095,375563,0
BA,2020-12,417,263,63.1,988910,1140704,3
PI,2020-12,224,140,62.5,218727,237974,0
PE,2020-12,185,106,57.3,457904,683577,1
MG,2020-12,853,319,37.4,1591655,2216398,1
