Company Size Sebrae ID,Company Size Sebrae,State ID,State,Establishments
5,Micro Empresário Individual (MEI),35,São Paulo,3856033.0
4,Microempresa (ME),35,São Paulo,2780199.0
5,Micro Empresário Individual (MEI),31,Minas Gerais,1525858.0
5,Micro Empresário Individual (MEI),33,Rio de Janeiro,1293946.0
9,Outros,35,São Paulo,1242869.0
4,Microempresa (ME),31,Minas Gerais,960648.0
5,Micro Empresário Individual (MEI),41,Paraná,944527.0
5,Micro Empresário Individual (MEI),43,Rio Grande do Sul,842394.0
4,Microempresa (ME),41,Paraná,766584.0
5,Micro Empresário Individual (MEI),42,Santa Catarina,746461.0
4,Microempresa (ME),33,Rio de Janeiro,645932.0
5,Micro Empresário Individual (MEI),29,Bahia,636439.0
4,Microempresa (ME),43,Rio Grande do Sul,599690.0
5,Micro Empresário Individual (MEI),52,Goiás,533711.0
4,Microempresa (ME),42,Santa Catarina,531124.0
3,Empresa de Pequeno Porte (EPP),35,São Paulo,523175.0
4,Microempresa (ME),29,Bahia,446513.0
5,Micro Empresário Individual (MEI),26,Pernambuco,400927.0
4,Microempresa (ME),52,Goiás,369316.0
5,Micro Empresário Individual (MEI),23,Ceará,365503.0
5,Micro Empresário Individual (MEI),32,Espírito Santo,331621.0
4,Microempresa (ME),23,Ceará,278171.0
5,Micro Empresário Individual (MEI),51,Mato Grosso,269173.0
5,Micro Empresário Individual (MEI),15,Pará,247495.0
4,Microempresa (ME),26,Pernambuco,240878.0
5,Micro Empresário Individual (MEI),53,Distrito Federal,208576.0
4,Microempresa (ME),15,Pará,197722.0
4,Microempresa (ME),51,Mato Grosso,191966.0
5,Micro Empresário Individual (MEI),50,Mato Grosso do Sul,186782.0
5,Micro Empresário Individual (MEI),25,Paraíba,181290.0
4,Microempresa (ME),32,Espírito Santo,181181.0
4,Microempresa (ME),53,Distrito Federal,178599.0
5,Micro Empresário Individual (MEI),24,Rio Grande do Norte,154642.0
9,Outros,31,Minas Gerais,152457.0
4,Microempresa (ME),21,Maranhão,150030.0
5,Micro Empresário Individual (MEI),21,Maranhão,143106.0
5,Micro Empresário Individual (MEI),13,Amazonas,136605.0
9,Outros,33,Rio de Janeiro,134916.0
3,Empresa de Pequeno Porte (EPP),31,Minas Gerais,130515.0
4,Microempresa (ME),50,Mato Grosso do Sul,129119.0
5,Micro Empresário Individual (MEI),27,Alagoas,122650.0
4,Microempresa (ME),25,Paraíba,117802.0
9,Outros,41,Paraná,116185.0
3,Empresa de Pequeno Porte (EPP),33,Rio de Janeiro,114612.0
3,Empresa de Pequeno Porte (EPP),43,Rio Grande do Sul,105133.0
4,Microempresa (ME),24,Rio Grande do Norte,104293.0
9,Outros,42,Santa Catarina,104081.0
5,Micro Empresário Individual (MEI),22,Piauí,97273.0
9,Outros,43,Rio Grande do Sul,97084.0
3,Empresa de Pequeno Porte (EPP),41,Paraná,95782.0
4,Microempresa (ME),13,Amazonas,95261.0
3,Empresa de Pequeno Porte (EPP),42,Santa Catarina,93061.0
4,Microempresa (ME),22,Piauí,89552.0
5,Micro Empresário Individual (MEI),17,Tocantins,87804.0
5,Micro Empresário Individual (MEI),28,Sergipe,87635.0
5,Micro Empresário Individual (MEI),11,Rondônia,81453.0
4,Microempresa (ME),27,Alagoas,73749.0
4,Microempresa (ME),17,Tocantins,59889.0
4,Microempresa (ME),28,Sergipe,59566.0
4,Microempresa (ME),11,Rondônia,59453.0
9,Outros,52,Goiás,53623.0
9,Outros,29,Bahia,52539.0
3,Empresa de Pequeno Porte (EPP),15,Pará,52482.0
3,Empresa de Pequeno Porte (EPP),29,Bahia,52037.0
3,Empresa de Pequeno Porte (EPP),51,Mato Grosso,51898.0
3,Empresa de Pequeno Porte (EPP),52,Goiás,49137.0
3,Empresa de Pequeno Porte (EPP),26,Pernambuco,43778.0
9,Outros,26,Pernambuco,40783.0
9,Outros,23,Ceará,37406.0
9,Outros,51,Mato Grosso,36332.0
9,Outros,32,Espírito Santo,33775.0
3,Empresa de Pequeno Porte (EPP),53,Distrito Federal,33256.0
3,Empresa de Pequeno Porte (EPP),32,Espírito Santo,31187.0
3,Empresa de Pequeno Porte (EPP),23,Ceará,30714.0
3,Empresa de Pequeno Porte (EPP),13,Amazonas,30075.0
9,Outros,53,Distrito Federal,30008.0
3,Empresa de Pequeno Porte (EPP),50,Mato Grosso do Sul,26619.0
3,Empresa de Pequeno Porte (EPP),21,Maranhão,25149.0
5,Micro Empresário Individual (MEI),14,Roraima,24654.0
9,Outros,50,Mato Grosso do Sul,23024.0
5,Micro Empresário Individual (MEI),12,Acre,22986.0
9,Outros,15,Pará,21786.0
4,Microempresa (ME),12,Acre,21284.0
4,Microempresa (ME),16,Amapá,20129.0
5,Micro Empresário Individual (MEI),16,Amapá,20084.0
4,Microempresa (ME),14,Roraima,17193.0
3,Empresa de Pequeno Porte (EPP),25,Paraíba,16078.0
9,Outros,24,Rio Grande do Norte,15996.0
9,Outros,21,Maranhão,15983.0
3,Empresa de Pequeno Porte (EPP),24,Rio Grande do Norte,15005.0
3,Empresa de Pequeno Porte (EPP),22,Piauí,14148.0
9,Outros,25,Paraíba,14037.0
3,Empresa de Pequeno Porte (EPP),27,Alagoas,13831.0
9,Outros,13,Amazonas,13809.0
3,Empresa de Pequeno Porte (EPP),17,Tocantins,11738.0
3,Empresa de Pequeno Porte (EPP),11,Rondônia,11510.0
9,Outros,27,Alagoas,10777.0
9,Outros,22,Piauí,10058.0
9,Outros,17,Tocantins,9352.0
9,Outros,11,Rondônia,9066.0
3,Empresa de Pequeno Porte (EPP),28,Sergipe,8622.0
9,Outros,28,Sergipe,6959.0
3,Empresa de Pequeno Porte (EPP),16,Amapá,5393.0
3,Empresa de Pequeno Porte (EPP),14,Roraima,3745.0
3,Empresa de Pequeno Porte (EPP),12,Acre,3465.0
9,Outros,12,Acre,2408.0
9,Outros,16,Amapá,2254.0
9,Outros,14,Roraima,2187.0
9,Outros,93,Exterior,424.0
5,Micro Empresário Individual (MEI),99,Não informado,197.0
4,Microempresa (ME),99,Não informado,185.0
3,Empresa de Pequeno Porte (EPP),99,Não informado,80.0
9,Outros,99,Não informado,74.0
4,Microempresa (ME),93,Exterior,58.0
3,Empresa de Pequeno Porte (EPP),93,Exterior,17.0
