Unit Type ID,Unit Type,Hours Deferred,Hours Liberation DBE,Hours Reception DBE,Hours Transmission,Hours Viability Address,Hours Viability Name,Hours Viability Total,Opening Time,Total Opening Time,User Opening Time
1,Unidade Produtiva,23798486.891717937,5552333.522776897,153931123.75785536,56757928.64720795,26307336.36153587,5880191.370074459,28795436.291545596,34.110658642689955,157.7083372116415,123.59767856895154
2,Sede,1864708.740116764,199024.9596985198,12487854.257608939,4644826.121309296,1825944.920630532,338261.7399800949,1978600.7505587281,30.984765298508485,162.30791210691424,131.32314680840574
3,Escritório Administrativo,3528535.150259069,434494.6501369098,26386176.071137063,10422083.92300174,3672803.920128342,750430.3900736608,4064431.360269371,25.621056000080916,143.10110002650418,117.48004402642323
4,Depósito Fechado,98176.3501021176,46619.880066165075,346206.1693597761,121057.90001853618,50895.840160126536,10337.170027860042,51135.450157840445,124.08592800894432,420.0099744803263,295.92404647138204
5,Almoxarifado,2369.5000051660004,1050.0599867818,7125.259867846999,2602.43001142838,1273.8300065663998,119.800000451,1285.8300067456998,130.70527774148613,400.9188854991355,270.21360775764947
6,Oficina de Reparação,1396.470020473,762.2699967860999,5708.2800125,2175.6500197372998,944.8900052138999,178.67999710389998,974.1300050138999,120.49500085665385,423.72307901962694,303.2280781629731
7,Garagem,2590.7899964293,1032.0299987987999,8684.119947526,4696.529959484001,1218.5000043264,362.66999892789994,1230.4900046283,75.83296874775624,284.90562354478755,209.07265479703128
8,Unidade de Abastecimento de Combustíveis,984.5700052326999,1026.4999926367,9057.26013711,2822.529988279,1238.2899975827002,332.629995978,1238.2899975827002,108.31199984840333,504.30500402803665,395.99300417963326
9,Ponto de Exposição,9736.809929188401,1353.2400057643802,27391.660172442,10471.339985821,2957.33998088106,293.81000186409995,3035.3499825039603,108.65692244197496,399.91076981322885,291.25384737125387
10,Centro de Treinamento,2294.3499645442994,154.17999999369997,2583.0299895000003,2396.6499821600005,577.2700038325,267.67000125699997,577.2700038325,151.28999841852502,400.27399700152506,248.983998583
11,Centro de Processamento de Dados,0.00999999978,21.4300004578,3091.9299462999998,158.07999790278,262.77000559500004,63.67000017338,271.140005485,32.508889549175564,393.6211055717067,361.11221602253113
99,Não Informado,63408596.04001049,8864000.486281488,351423030.26219726,122535067.31171912,36951214.035858646,4823998.7516133385,39862333.82709676,45.95040391935606,240.16790560002536,194.21750168066933
