Year,Month ID,Month,Hours Deferred,Hours Liberation DBE,Hours Reception DBE,Hours Transmission,Hours Viability Address,Hours Viability Name,Hours Viability Total,Opening Time,Total Opening Time,User Opening Time
2020,1,Janeiro,1770640.7398849786,289852.9099101793,4435537.081439339,2334428.120794382,1155084.3803028786,394488.6201465472,1324191.2104552404,104.19865345720514,312.6142924755778,208.41563901836864
2020,2,Fevereiro,1546022.2391056656,291257.03008502175,4205474.821110393,2046395.1509926121,1115293.1399803546,479968.65986486356,1322398.1098638307,87.30319902338886,260.04496438874605,172.74176536535506
2020,3,Março,1550520.0100378091,338200.9102076754,4390139.571445637,2089018.2599222744,1095212.2201318243,484504.4901128751,1305747.910198149,89.24343708461018,270.2507797684461,181.0073426838343
2020,4,Abril,782749.7294602026,166075.82012921388,2933923.680224235,1276116.4296059678,691414.5699889536,208666.99995149954,773720.3600075825,94.37573469192547,325.0375859865886,230.66185129466308
2020,5,Maio,1382066.03015288,220194.49995218488,3731393.6901891166,1559250.7506315457,767179.2598758298,279389.17995531886,892562.479874728,104.77167016545366,326.9556295481455,222.1839593826946
2020,6,Junho,1294874.7599247904,338660.49050264026,6651674.519625135,2347413.3708477677,1177152.1399708649,495214.23995627544,1407945.6399274534,77.87686315081062,308.2977539579527,230.4208908071388
2020,7,Julho,1361946.5493492363,344086.6701994801,6601625.203237109,2113385.7806384517,1046040.3302846709,335198.00003414776,1175348.310236227,73.53464500267876,295.94713438292354,222.41248938024577
2020,8,Agosto,1774966.6298031085,436389.78025259275,8445785.115916496,2772977.500131921,1465015.3006758564,433263.3598228657,1625126.54049666,70.2395267402477,275.63613267302605,205.39660593277932
2020,9,Setembro,1480293.0408529295,422762.9503073468,6757902.428316688,2295337.34117289,1267841.590312353,339824.3201555539,1391021.6304115069,72.41640919740921,271.4412018787676,199.0247926813558
2020,10,Outubro,1800262.4616521578,466779.22980807343,8151549.8773045195,2915678.9611539245,1559818.6611575522,320876.37011349545,1680189.561269269,67.37614155038737,256.28505745818563,188.9089159077999
2020,11,Novembro,1547029.690279177,352317.28053461114,6955101.719171325,2396472.9900560156,1309805.2900162982,287428.7700293445,1426661.970053406,70.05221131167973,267.0145464330442,196.9623351213651
2020,12,Dezembro,1364349.4504704373,315322.0703549497,7016075.199279316,2483381.121103551,1246058.978904607,213876.2101133578,1321169.0989213004,63.813729287542884,265.8223698060525,202.0086405185068
2021,1,Janeiro,1418836.7711215483,296015.6496315121,7643548.107849829,3017032.3714927463,1426489.270375952,268287.89993368584,1530609.6004065205,61.06576140063489,261.65244511452914,200.58668371389908
2021,2,Fevereiro,1468031.038690947,267763.30076806614,7651509.909566821,2901059.471460234,1503517.0601276183,310972.260052528,1618992.0300627497,55.196471964357634,228.81843647557008,173.62196451121088
2021,3,Março,1430825.2093843012,317583.3002157,8253154.421311362,3178108.491538113,1581628.5193260098,271784.3800120414,1687080.0292949849,53.54814811937979,231.724542166008,178.17639404662702
2021,4,Abril,1366216.6505239797,325497.3198221285,8995979.349489134,3105509.750861833,1441448.6206180502,232447.09996134255,1529994.3106278935,53.1608712600685,252.84552549090103,199.68465423083288
2021,5,Maio,1626329.9401638377,402927.5001359546,9432211.5760068,3633509.6893534716,1494807.930748096,220303.19996416802,1570315.450731941,54.54311525163525,252.5235874898394,197.98047223820464
2021,6,Junho,1637338.1809769892,314502.5102248672,8922835.616956443,3359691.220914539,1453000.579918818,245330.60999355675,1544309.3599198274,51.28049123783124,231.43694924963748,180.15645801180557
2021,7,Julho,1687962.459619565,277100.41932495835,9234527.18977734,3388028.7392819203,1475999.5611627214,173778.24007840976,1538824.571221625,49.675165166240994,228.62713195000714,178.9519667837639
2021,8,Agosto,1818439.4603970987,314615.47022626037,8918112.088022465,3294842.77192216,1347174.1104536306,198745.83995791158,1431428.590454278,50.476280797505765,223.42266566155996,172.9463848640525
2021,9,Setembro,1635289.609583754,348389.41019792604,7792533.098153811,3107406.921406198,1147278.320141742,138001.51007795118,1202580.5301495108,51.11591667358321,225.979394383339,174.8634777097559
2021,10,Outubro,1472355.2900360194,351300.1098234654,7259333.818682236,2628285.199218136,1064890.2311898666,125494.20994158759,1110583.9611532192,52.02921060026605,227.35403891965552,175.32482831938702
2021,11,Novembro,1476994.700284872,271979.1904968138,7291604.260260846,2556098.490430868,1082672.8304557402,137093.130013836,1139459.0904388274,50.61210760855737,223.16691312269384,172.5548055141387
2021,12,Dezembro,1342957.5706691411,348894.839310521,6620165.740778808,2323811.850215524,898699.1400309465,137873.30990107526,961032.559943699,52.795832071393114,230.7925203175772,177.99668824618587
2022,1,Janeiro,1401086.6291747391,597716.909050588,6631280.611942262,2429158.4306953927,922430.5802090535,150474.5600068391,993580.1901764461,60.803505677282445,244.9063837737113,184.10287809642722
2022,2,Fevereiro,1291109.13971634,601296.0002802945,6953764.981523429,2519438.7592357663,983095.8103389143,168550.01996189036,1064542.4503249468,51.12995556649534,214.9355258521375,163.80557028564326
2022,3,Março,1464405.1208794727,557848.5801373137,7658376.990260198,2830565.50020044,1087398.8801008204,186208.45015219,1183312.2601689633,49.19001889277891,210.1448348342988,160.95481594151533
2022,4,Abril,1134862.6896855696,381416.51966929657,5880468.11049227,2229451.269533142,792098.5204098534,149532.9000814825,884104.5505292339,46.79566741171775,204.89917418675202,158.10350677503413
2022,5,Maio,1311664.0501064407,650700.4603557443,7776778.789392076,2901970.1295173536,949459.679993399,205180.42993447528,1082408.1699149914,45.498015277374165,205.07048010768966,159.57246483031506
2022,6,Junho,973208.0201659681,365391.5604436999,7463729.331448815,2770790.457893499,992124.5098834691,118467.1999975287,1052321.8199137987,38.13332589871268,201.36590998047524,163.23258408176108
2022,7,Julho,905109.6503876974,173933.13988283044,7782752.312757652,2678420.920825978,1023357.3002962865,102206.83997002227,1073323.5502808301,33.01580470842056,193.48293615988104,160.46713145146182
2022,8,Agosto,912274.2987921203,148842.6497541683,8647334.678463776,2882654.219878828,1022598.9499291737,115707.84007011415,1076698.849994727,29.905795601049686,191.19821916323707,161.29242356218396
2022,9,Setembro,961116.6908273017,77586.36981537435,7393325.290624935,2530990.1594045158,832305.800497314,99283.1101171554,879381.9705630997,31.085766189744003,191.9258460890938,160.84007989934716
2022,10,Outubro,1258089.1804261794,60252.669549127924,6885596.170180686,2300894.109852398,737453.700629007,91333.97001240509,779711.130617118,37.584024158364876,202.14863516158977,164.56461100322488
2022,11,Novembro,1074914.8002329352,48827.910017689486,6675323.831623923,2227317.9391477485,780441.0101517141,94303.6898916877,827476.6500852737,36.38976800328098,202.4218786107354,166.032110607455
2022,12,Dezembro,726740.5210179011,70681.95993154452,6305509.067575611,2124977.7410355695,662858.4099712479,94233.81998127018,716254.1199556645,31.267203753385083,205.41123731210456,174.14403355871892
2023,1,Janeiro,771271.9896592719,48672.04976160581,6639323.110498817,2296230.690466806,733728.9096955692,106823.31010200677,795876.6498152887,28.81432118758469,188.15868342104503,159.34436223345867
2023,2,Fevereiro,1105480.33957994,64738.83010769053,6195956.599155194,2109379.539545756,680837.9600979808,112738.90017193045,753211.4602521873,33.78826248005946,179.6853242567682,145.89706177671044
2023,3,Março,1297607.3003309693,75488.04959624539,8405904.648038669,2887443.5997165083,903423.2194751238,120612.05009031454,973727.5095328923,30.96848628891263,179.99460428360112,149.026117994687
2023,4,Abril,1127573.8598907285,64223.00037951066,6220086.929063826,2191691.370777976,702197.6504502308,90674.07000797885,754300.300436083,34.48814703172851,183.55914546941622,149.07099843768668
2023,5,Maio,1604897.3290680505,58270.359989738135,7788198.648877326,2674698.8201687722,848410.3200730657,130226.89991464077,929675.6600638356,38.63860143240638,194.55690065074018,155.91829921833155
2023,6,Junho,1070517.9195332413,71925.79035936281,7188572.830848008,2614543.1900427234,851401.6496818253,123889.62003976468,932737.5897141834,33.04323587794659,189.13883826148333,156.0956023835354
2023,7,Julho,1314084.4804131596,61463.94965377741,7684287.96813929,2634178.4296653713,862882.3804383242,116035.88019301352,927023.4305047638,33.91221921959037,185.88232729059166,151.97010807099983
2023,8,Agosto,1592650.6586851857,78132.07947917447,8537928.179062769,2915830.141034578,954354.0601389423,112093.08996005204,1025550.5400876442,36.000070472536045,188.92482574100126,152.9247552684649
2023,9,Setembro,1025611.0489876176,63112.94964841097,7147356.759696173,2521077.5502258427,814395.3596121621,86878.82999909634,872128.0396488497,30.898536712073394,183.2509154946667,152.35237878259005
2023,10,Outubro,1006476.530798651,65468.08000988089,7488830.736300246,2691777.919931072,822045.0100398668,79033.27997659861,872829.4400547409,29.2113381828781,182.12843527839752,152.91709709551992
2023,11,Novembro,874658.199813765,77850.63989831356,6975958.228939843,2404338.640254889,776998.8001675967,78169.6701388699,825536.1301894517,29.449044667696768,184.81113402614056,155.36208935844397
2023,12,Dezembro,891589.2599752408,317833.25963680964,6425766.98072719,2326445.3409845466,651378.120135856,73987.23005039766,698149.1701773457,34.37251905128907,192.07856301243484,157.70604396114783
2024,1,Janeiro,830477.579707261,123838.21983151356,7198087.5511855325,2484895.431106372,779781.1692473448,79578.94986618312,827053.8392971376,26.76175768938082,172.23052432438115,145.46876663499634
2024,2,Fevereiro,1073556.2911284561,55178.639943004,7359035.888680033,2501576.709656319,751355.5794089877,91726.70006842475,812986.5694423087,27.02540781251884,164.26809512930515,137.2426873167859
2024,3,Março,1091102.3296098334,53463.41022977578,7854044.798747104,2535563.2400001865,755412.2300204122,87697.40993304542,814196.9699474038,26.479785726857504,166.93303883272696,140.45325310586838
2024,4,Abril,1150155.3304160873,121822.15019949804,8804411.078886462,2978877.4798073974,886837.350225192,99052.43997010472,951001.670215215,27.397847478103138,172.6249147679205,145.22706728981825
2024,5,Maio,944379.209683921,105592.78973034934,7608332.178417325,2627427.350412571,707043.0498382603,92432.46007405421,773036.9998956723,26.363109172957415,174.38566201214834,148.0225528391904
2024,6,Junho,920401.2701325756,64134.929860399905,7788084.829197296,2707048.9197286726,724982.8099403271,84697.97003825135,784666.6999519696,24.411889944462057,169.22628632554571,144.8143963810807
2024,7,Julho,1049304.540359633,63220.20992114833,8520218.537382301,2971984.2691992684,821872.0102002374,86368.75998330498,880222.6001858716,24.169454456289973,163.55504805453376,139.38559359824342
2024,8,Agosto,989806.1904975737,143447.1703679356,8289981.12941249,2760421.210130251,754380.870966519,82818.24008775775,816180.3610021893,24.969371253413687,166.5087297966102,141.53935854319604
2024,9,Setembro,994891.1598094046,123556.49930245373,8038399.412605372,2699261.6993825804,692656.7599249094,80206.02007775051,755152.4499978793,24.688691498238423,166.18035843268464,141.49166693444738
2024,10,Outubro,1058930.861109501,123565.7900591543,8341348.877574568,2814492.819037185,734210.7802903106,87909.38994396952,802619.360220995,24.38807341044208,161.4427768591167,137.05470344867572
2024,11,Novembro,877243.6988997475,53290.2001738948,7263695.197930328,2381126.540202531,638626.6300386059,74897.55006090153,695855.9200839093,23.21788775225383,160.9046746890144,137.68678693675983
2024,12,Dezembro,927647.560952249,62615.47017224094,6104726.460167291,2108859.979296913,561007.6898407659,69522.39008428193,616303.4899066732,26.999756668255312,165.03626641506216,138.03650974680684
2025,1,Janeiro,1033795.5097998551,87862.57967155027,7861615.211584909,2837539.3995186724,853787.4499319515,86786.65996500773,916820.8798993096,24.17264282427076,151.04510352750552,126.87246070323388
2025,2,Fevereiro,1598972.6096502997,56411.47982596272,8889757.540173497,3103306.398801728,961817.0398716341,98549.59995397877,1034257.77980451,28.426022989892985,155.17713998516467,126.75111699526974
2025,3,Março,1440518.2791192047,69852.11043213245,8650101.64851065,2932040.981188936,796359.309911407,80400.83000137738,854533.0299282272,28.556462228820422,168.41207570101344,139.8556134721948
2025,4,Abril,1375540.631446561,166611.14976965234,8553320.239532879,3104021.7406626437,761344.2100889701,93677.90004401065,831584.0301582151,28.70713781170839,169.68698954588422,140.9798517341746
2025,5,Maio,1729995.729224753,105949.76049158187,8446808.488188677,2970658.799535956,738573.1696917191,90653.17006118994,806302.4197304719,32.762720829367495,174.33433187644448,141.57161104707745
2025,6,Junho,1296936.4001703088,70097.74995178681,7792808.070021872,2853321.699257727,699484.83008809,95010.7001225131,773262.1102003125,27.802193475476273,166.0941510411657,138.29195756569052
2025,7,Julho,1814488.2510078053,83672.43001679826,8786922.519426411,3201879.880011253,818311.4398531262,109200.39004643577,903526.2399057453,30.90629911341579,163.15858976037848,132.25229064696083
2025,8,Agosto,1277325.2593408064,70534.44999203562,7816457.418996831,2766879.730623011,720130.7601779707,91620.81003762041,794421.3201949263,26.02951361483214,154.6210077415865,128.59149412675274
2025,9,Setembro,1063211.8205827512,96158.36984483922,8245027.371686363,2837781.1608290253,698966.6801854692,87484.79000279032,766030.6601796176,22.256139110718554,150.36480196880063,128.10866285808308
2025,10,Outubro,1130618.559660837,70520.16011834262,7880996.670791935,2427575.7497022804,572281.3003277353,110454.55021074487,661727.660516347,27.139661717592602,177.32282635183316,150.18316463424048
2025,11,Novembro,1093093.680547816,81478.4400327955,7205274.617334169,2560093.2710326877,567213.7999270323,99196.47008820958,643024.4300217385,25.71767316027587,163.8905474208599,138.17287426058502
2025,12,Dezembro,116084.10991098383,49688.10978180827,1159813.4101702697,427975.07967219094,80264.42010904515,4013.6400035739953,83284.80011795145,47.071823816054774,347.1641484886049,300.0923246725501
2026,1,Janeiro,250857.75059563466,67378.67998843238,1536387.619149877,450754.8900068535,81254.93981368862,5419.700008855559,85262.20981722303,83.88745122688005,497.014792007904,413.1273407810241
2026,2,Fevereiro,291518.6299575684,105264.2600486594,1702440.780696627,560369.1999267302,97093.06000564025,3847.210025112215,99224.95002880906,90.62814544765942,504.07780388422856,413.44965843657155
2026,3,Março,310977.3099043624,87068.72988958839,2312574.060473013,916100.6605403532,158438.9399720279,6666.059988754461,162027.0899689136,65.91422028514373,445.8924150613435,379.978194776201
2026,4,Abril,165694.83015686716,22275.42991073676,2018960.079249853,755518.6200648949,149372.59022976834,7298.369974760602,153982.77022266024,49.93472989051783,455.0864091128835,405.1516792223677
2026,5,Maio,1686052.3681701098,117181.40955276632,11564290.502309836,4411428.588682023,1052608.469622416,178192.65007609504,1176846.3296695906,34.99718277189535,222.6113209130056,187.61413814111052
