ano,mes,uf,total_municipios,municipios_integrados,pj_ativas_integrados,pj_total_uf,codigo_faixa,pct_integrados
2025,10,RR,15,15,52296,52296,0,100.0
2025,10,RS,497,490,1469466,1471035,0,98.6
2025,10,DF,1,1,363253,363253,0,100.0
2025,10,PR,399,381,1212693,1471123,0,95.5
2025,10,SC,295,282,1516735,1553251,0,95.6
2025,10,SE,75,68,174517,178098,0,90.7
2025,10,MA,217,140,226095,375563,0,64.5
2025,10,MG,853,319,1591655,2216398,0,37.4
2025,10,SP,645,534,6166949,7300815,0,82.8
2025,10,AC,22,22,54675,54675,0,100.0
2025,10,CE,184,184,636046,636046,0,100.0
2025,10,MS,79,70,358323,370490,0,88.6
2025,10,MT,142,141,570216,570445,0,99.3
2025,10,GO,246,178,570920,716312,0,72.4
2025,10,AL,102,74,217027,235085,0,72.5
2025,10,AM,62,62,225375,225375,0,100.0
2025,10,ES,78,71,609400,615653,0,91.0
2025,10,AP,16,15,51414,51523,0,93.8
2025,10,PA,144,121,501999,513474,0,84.0
2025,10,PB,223,147,136366,350502,0,65.9
2025,10,PE,185,106,457904,683577,0,57.3
2025,10,RJ,92,91,1896134,1897847,0,98.9
2025,10,PI,224,140,218727,237974,0,62.5
2025,10,TO,139,101,169049,180815,0,72.7
2025,10,RN,167,117,256506,314386,0,70.1
2025,10,RO,52,48,143591,175349,0,92.3
2025,10,BA,417,263,988910,1140704,0,63.1
2025,11,RR,15,15,52296,52296,0,100.0
2025,11,RS,497,490,1469466,1471035,0,98.6
2025,11,DF,1,1,363253,363253,0,100.0
2025,11,PR,399,381,1212693,1471123,0,95.5
2025,11,SC,295,282,1516735,1553251,0,95.6
2025,11,SE,75,68,174517,178098,0,90.7
2025,11,MA,217,140,226095,375563,0,64.5
2025,11,MG,853,319,1591655,2216398,0,37.4
2025,11,SP,645,534,6166949,7300815,0,82.8
2025,11,AC,22,22,54675,54675,0,100.0
2025,11,CE,184,184,636046,636046,0,100.0
2025,11,MS,79,70,358323,370490,0,88.6
2025,11,MT,142,141,570216,570445,0,99.3
2025,11,GO,246,178,570920,716312,0,72.4
2025,11,AL,102,74,217027,235085,0,72.5
2025,11,AM,62,62,225375,225375,0,100.0
2025,11,ES,78,71,609400,615653,0,91.0
2025,11,AP,16,15,51414,51523,0,93.8
2025,11,PA,144,121,501999,513474,0,84.0
2025,11,PB,223,147,136366,350502,0,65.9
2025,11,PE,185,106,457904,683577,0,57.3
2025,11,RJ,92,91,1896134,1897847,0,98.9
2025,11,PI,224,140,218727,237974,0,62.5
2025,11,TO,139,101,169049,180815,0,72.7
2025,11,RN,167,117,256506,314386,0,70.1
2025,11,RO,52,48,143591,175349,0,92.3
2025,11,BA,417,263,988910,1140704,0,63.1
2025,12,RR,15,15,52296,52296,0,100.0
2025,12,RS,497,490,1469466,1471035,0,98.6
2025,12,DF,1,1,363253,363253,0,100.0
2025,12,PR,399,381,1212693,1471123,0,95.5
2025,12,SC,295,282,1516735,1553251,0,95.6
2025,12,SE,75,68,174517,178098,0,90.7
2025,12,MA,217,140,226095,375563,0,64.5
2025,12,MG,853,319,1591655,2216398,1,37.4
2025,12,SP,645,534,6166949,7300815,4,82.8
2025,12,CE,184,184,636046,636046,0,100.0
2025,12,AC,22,22,54675,54675,0,100.0
2025,12,MS,79,70,358323,370490,0,88.6
2025,12,MT,142,141,570216,570445,0,99.3
2025,12,GO,246,178,570920,716312,0,72.4
2025,12,AL,102,74,217027,235085,0,72.5
2025,12,AM,62,62,225375,225375,0,100.0
2025,12,ES,78,71,609400,615653,0,91.0
2025,12,AP,16,15,51414,51523,0,93.8
2025,12,PA,144,121,501999,513474,0,84.0
2025,12,PB,223,147,136366,350502,0,65.9
2025,12,PE,185,106,457904,683577,0,57.3
2025,12,RJ,92,91,1896134,1897847,0,98.9
2025,12,PI,224,140,218727,237974,0,62.5
2025,12,TO,139,101,169049,180815,0,72.7
2025,12,RN,167,117,256506,314386,3,70.1
2025,12,RO,52,48,143591,175349,0,92.3
2025,12,BA,417,263,988910,1140704,0,63.1
2026,1,RR,15,15,52296,52296,0,100.0
2026,1,RS,497,490,1469466,1471035,0,98.6
2026,1,PR,399,381,1212693,1471123,0,95.5
2026,1,DF,1,1,363253,363253,0,100.0
2026,1,SC,295,282,1516735,1553251,2,95.6
2026,1,SE,75,68,174517,178098,0,90.7
2026,1,MA,217,140,226095,375563,0,64.5
2026,1,MG,853,319,1591655,2216398,3,37.4
2026,1,SP,645,534,6166949,7300815,3,82.8
2026,1,CE,184,184,636046,636046,0,100.0
2026,1,AC,22,22,54675,54675,0,100.0
2026,1,MS,79,70,358323,370490,0,88.6
2026,1,MT,142,141,570216,570445,0,99.3
2026,1,GO,246,178,570920,716312,0,72.4
2026,1,AL,102,74,217027,235085,0,72.5
2026,1,AM,62,62,225375,225375,0,100.0
2026,1,ES,78,71,609400,615653,0,91.0
2026,1,AP,16,15,51414,51523,0,93.8
2026,1,PA,144,121,501999,513474,0,84.0
2026,1,PB,223,147,136366,350502,0,65.9
2026,1,PE,185,106,457904,683577,0,57.3
2026,1,RJ,92,91,1896134,1897847,0,98.9
2026,1,PI,224,140,218727,237974,0,62.5
2026,1,TO,139,101,169049,180815,0,72.7
2026,1,RN,167,117,256506,314386,1,70.1
2026,1,RO,52,48,143591,175349,0,92.3
2026,1,BA,417,263,988910,1140704,0,63.1
2026,2,RR,15,15,52296,52296,0,100.0
2026,2,RS,497,490,1469466,1471035,0,98.6
2026,2,PR,399,381,1212693,1471123,0,95.5
2026,2,DF,1,1,363253,363253,1,100.0
2026,2,SC,295,282,1516735,1553251,0,95.6
2026,2,SE,75,68,174517,178098,0,90.7
2026,2,MA,217,140,226095,375563,0,64.5
2026,2,MG,853,319,1591655,2216398,3,37.4
2026,2,SP,645,534,6166949,7300815,3,82.8
2026,2,AC,22,22,54675,54675,0,100.0
2026,2,CE,184,184,636046,636046,0,100.0
2026,2,MS,79,70,358323,370490,0,88.6
2026,2,MT,142,141,570216,570445,0,99.3
2026,2,GO,246,178,570920,716312,1,72.4
2026,2,AL,102,74,217027,235085,0,72.5
2026,2,AM,62,62,225375,225375,0,100.0
2026,2,ES,78,71,609400,615653,0,91.0
2026,2,AP,16,15,51414,51523,0,93.8
2026,2,PA,144,121,501999,513474,0,84.0
2026,2,PB,223,147,136366,350502,0,65.9
2026,2,PE,185,106,457904,683577,0,57.3
2026,2,RJ,92,91,1896134,1897847,0,98.9
2026,2,PI,224,140,218727,237974,0,62.5
2026,2,TO,139,101,169049,180815,0,72.7
2026,2,RN,167,117,256506,314386,0,70.1
2026,2,RO,52,48,143591,175349,0,92.3
2026,2,BA,417,263,988910,1140704,0,63.1
2026,3,RR,15,15,52296,52296,0,100.0
2026,3,RS,497,490,1469466,1471035,0,98.6
2026,3,PR,399,381,1212693,1471123,0,95.5
2026,3,DF,1,1,363253,363253,0,100.0
2026,3,SC,295,282,1516735,1553251,0,95.6
2026,3,SE,75,68,174517,178098,0,90.7
2026,3,MA,217,140,226095,375563,0,64.5
2026,3,MG,853,319,1591655,2216398,2,37.4
2026,3,SP,645,534,6166949,7300815,2,82.8
2026,3,CE,184,184,636046,636046,0,100.0
2026,3,AC,22,22,54675,54675,0,100.0
2026,3,MS,79,70,358323,370490,0,88.6
2026,3,MT,142,141,570216,570445,0,99.3
2026,3,GO,246,178,570920,716312,0,72.4
2026,3,AL,102,74,217027,235085,0,72.5
2026,3,AM,62,62,225375,225375,0,100.0
2026,3,ES,78,71,609400,615653,0,91.0
2026,3,AP,16,15,51414,51523,0,93.8
2026,3,PA,144,121,501999,513474,0,84.0
2026,3,PB,223,147,136366,350502,0,65.9
2026,3,PE,185,106,457904,683577,0,57.3
2026,3,RJ,92,91,1896134,1897847,0,98.9
2026,3,PI,224,140,218727,237974,0,62.5
2026,3,TO,139,101,169049,180815,0,72.7
2026,3,RN,167,117,256506,314386,0,70.1
2026,3,RO,52,48,143591,175349,0,92.3
2026,3,BA,417,263,988910,1140704,0,63.1
2026,4,RR,15,15,52296,52296,0,100.0
2026,4,RS,497,490,1469466,1471035,0,98.6
2026,4,DF,1,1,363253,363253,1,100.0
2026,4,PR,399,381,1212693,1471123,0,95.5
2026,4,SC,295,282,1516735,1553251,0,95.6
2026,4,SE,75,68,174517,178098,0,90.7
2026,4,MA,217,140,226095,375563,0,64.5
2026,4,MG,853,319,1591655,2216398,2,37.4
2026,4,SP,645,534,6166949,7300815,0,82.8
2026,4,CE,184,184,636046,636046,0,100.0
2026,4,AC,22,22,54675,54675,0,100.0
2026,4,MS,79,70,358323,370490,0,88.6
2026,4,MT,142,141,570216,570445,0,99.3
2026,4,GO,246,178,570920,716312,0,72.4
2026,4,AL,102,74,217027,235085,0,72.5
2026,4,AM,62,62,225375,225375,0,100.0
2026,4,ES,78,71,609400,615653,0,91.0
2026,4,AP,16,15,51414,51523,0,93.8
2026,4,PA,144,121,501999,513474,0,84.0
2026,4,PB,223,147,136366,350502,0,65.9
2026,4,PE,185,106,457904,683577,0,57.3
2026,4,RJ,92,91,1896134,1897847,0,98.9
2026,4,PI,224,140,218727,237974,0,62.5
2026,4,TO,139,101,169049,180815,0,72.7
2026,4,RN,167,117,256506,314386,0,70.1
2026,4,RO,52,48,143591,175349,0,92.3
2026,4,BA,417,263,988910,1140704,0,63.1
2026,5,RR,15,15,52296,52296,0,100.0
2026,5,RS,497,490,1469466,1471035,0,98.6
2026,5,DF,1,1,363253,363253,0,100.0
2026,5,PR,399,381,1212693,1471123,0,95.5
2026,5,SC,295,282,1516735,1553251,0,95.6
2026,5,SE,75,68,174517,178098,0,90.7
2026,5,MA,217,140,226095,375563,0,64.5
2026,5,MG,853,319,1591655,2216398,0,37.4
2026,5,SP,645,534,6166949,7300815,0,82.8
2026,5,AC,22,22,54675,54675,0,100.0
2026,5,CE,184,184,636046,636046,0,100.0
2026,5,MS,79,70,358323,370490,0,88.6
2026,5,MT,142,141,570216,570445,0,99.3
2026,5,GO,246,178,570920,716312,0,72.4
2026,5,AL,102,74,217027,235085,0,72.5
2026,5,AM,62,62,225375,225375,0,100.0
2026,5,ES,78,71,609400,615653,0,91.0
2026,5,AP,16,15,51414,51523,0,93.8
2026,5,PA,144,121,501999,513474,0,84.0
2026,5,PB,223,147,136366,350502,0,65.9
2026,5,PE,185,106,457904,683577,0,57.3
2026,5,RJ,92,91,1896134,1897847,0,98.9
2026,5,PI,224,140,218727,237974,0,62.5
2026,5,TO,139,101,169049,180815,0,72.7
2026,5,RN,167,117,256506,314386,0,70.1
2026,5,RO,52,48,143591,175349,0,92.3
2026,5,BA,417,263,988910,1140704,0,63.1
2026,6,RR,15,15,52296,52296,0,100.0
2026,6,RS,497,490,1469466,1471035,0,98.6
2026,6,DF,1,1,363253,363253,0,100.0
2026,6,PR,399,381,1212693,1471123,0,95.5
2026,6,SC,295,282,1516735,1553251,0,95.6
2026,6,SE,75,68,174517,178098,0,90.7
2026,6,MA,217,140,226095,375563,0,64.5
2026,6,MG,853,319,1591655,2216398,0,37.4
2026,6,SP,645,534,6166949,7300815,0,82.8
2026,6,AC,22,22,54675,54675,0,100.0
2026,6,CE,184,184,636046,636046,0,100.0
2026,6,MS,79,70,358323,370490,0,88.6
2026,6,MT,142,141,570216,570445,0,99.3
2026,6,GO,246,178,570920,716312,0,72.4
2026,6,AL,102,74,217027,235085,0,72.5
2026,6,AM,62,62,225375,225375,0,100.0
2026,6,ES,78,71,609400,615653,0,91.0
2026,6,AP,16,15,51414,51523,0,93.8
2026,6,PA,144,121,501999,513474,0,84.0
2026,6,PB,223,147,136366,350502,0,65.9
2026,6,PE,185,106,457904,683577,0,57.3
2026,6,RJ,92,91,1896134,1897847,0,98.9
2026,6,PI,224,140,218727,237974,0,62.5
2026,6,TO,139,101,169049,180815,0,72.7
2026,6,RN,167,117,256506,314386,0,70.1
2026,6,RO,52,48,143591,175349,0,92.3
2026,6,BA,417,263,988910,1140704,0,63.1
2026,7,RR,15,15,52296,52296,0,100.0
2026,7,RS,497,490,1469466,1471035,0,98.6
2026,7,DF,1,1,363253,363253,0,100.0
2026,7,PR,399,381,1212693,1471123,0,95.5
2026,7,SC,295,282,1516735,1553251,0,95.6
2026,7,SE,75,68,174517,178098,0,90.7
2026,7,MA,217,140,226095,375563,0,64.5
2026,7,MG,853,319,1591655,2216398,0,37.4
2026,7,SP,645,534,6166949,7300815,0,82.8
2026,7,AC,22,22,54675,54675,0,100.0
2026,7,CE,184,184,636046,636046,0,100.0
2026,7,MS,79,70,358323,370490,0,88.6
2026,7,MT,142,141,570216,570445,0,99.3
2026,7,GO,246,178,570920,716312,0,72.4
2026,7,AL,102,74,217027,235085,0,72.5
2026,7,AM,62,62,225375,225375,0,100.0
2026,7,ES,78,71,609400,615653,0,91.0
2026,7,AP,16,15,51414,51523,0,93.8
2026,7,PA,144,121,501999,513474,0,84.0
2026,7,PB,223,147,136366,350502,0,65.9
2026,7,PE,185,106,457904,683577,0,57.3
2026,7,RJ,92,91,1896134,1897847,0,98.9
2026,7,PI,224,140,218727,237974,0,62.5
2026,7,TO,139,101,169049,180815,0,72.7
2026,7,RN,167,117,256506,314386,0,70.1
2026,7,RO,52,48,143591,175349,0,92.3
2026,7,BA,417,263,988910,1140704,0,63.1
2026,8,RR,15,15,52296,52296,0,100.0
2026,8,RS,497,490,1469466,1471035,0,98.6
2026,8,PR,399,381,1212693,1471123,0,95.5
2026,8,DF,1,1,363253,363253,0,100.0
2026,8,SC,295,282,1516735,1553251,0,95.6
2026,8,SE,75,68,174517,178098,0,90.7
2026,8,MA,217,140,226095,375563,0,64.5
2026,8,MG,853,319,1591655,2216398,0,37.4
2026,8,SP,645,534,6166949,7300815,0,82.8
2026,8,CE,184,184,636046,636046,0,100.0
2026,8,AC,22,22,54675,54675,0,100.0
2026,8,MS,79,70,358323,370490,0,88.6
2026,8,MT,142,141,570216,570445,0,99.3
2026,8,GO,246,178,570920,716312,0,72.4
2026,8,AL,102,74,217027,235085,0,72.5
2026,8,AM,62,62,225375,225375,0,100.0
2026,8,ES,78,71,609400,615653,0,91.0
2026,8,AP,16,15,51414,51523,0,93.8
2026,8,PA,144,121,501999,513474,0,84.0
2026,8,PB,223,147,136366,350502,0,65.9
2026,8,PE,185,106,457904,683577,0,57.3
2026,8,RJ,92,91,1896134,1897847,0,98.9
2026,8,PI,224,140,218727,237974,0,62.5
2026,8,TO,139,101,169049,180815,0,72.7
2026,8,RN,167,117,256506,314386,0,70.1
2026,8,RO,52,48,143591,175349,0,92.3
2026,8,BA,417,263,988910,1140704,0,63.1
2026,9,RR,15,15,52296,52296,0,100.0
2026,9,RS,497,490,1469466,1471035,0,98.6
2026,9,PR,399,381,1212693,1471123,0,95.5
2026,9,DF,1,1,363253,363253,0,100.0
2026,9,SC,295,282,1516735,1553251,0,95.6
2026,9,SE,75,68,174517,178098,0,90.7
2026,9,MA,217,140,226095,375563,0,64.5
2026,9,MG,853,319,1591655,2216398,0,37.4
2026,9,SP,645,534,6166949,7300815,0,82.8
2026,9,CE,184,184,636046,636046,0,100.0
2026,9,AC,22,22,54675,54675,0,100.0
2026,9,MS,79,70,358323,370490,0,88.6
2026,9,MT,142,141,570216,570445,0,99.3
2026,9,GO,246,178,570920,716312,0,72.4
2026,9,AL,102,74,217027,235085,0,72.5
2026,9,AM,62,62,225375,225375,0,100.0
2026,9,ES,78,71,609400,615653,0,91.0
2026,9,AP,16,15,51414,51523,0,93.8
2026,9,PA,144,121,501999,513474,0,84.0
2026,9,PB,223,147,136366,350502,0,65.9
2026,9,PE,185,106,457904,683577,0,57.3
2026,9,RJ,92,91,1896134,1897847,0,98.9
2026,9,PI,224,140,218727,237974,0,62.5
2026,9,TO,139,101,169049,180815,0,72.7
2026,9,RN,167,117,256506,314386,0,70.1
2026,9,RO,52,48,143591,175349,0,92.3
2026,9,BA,417,263,988910,1140704,0,63.1
