Division ID,Division,Hours Deferred,Hours Liberation DBE,Hours Reception DBE,Hours Transmission,Hours Viability Address,Hours Viability Name,Hours Viability Total,Opening Time,Total Opening Time,User Opening Time
A01,"Agricultura, Pecuária E Serviços Relacionados",820374.7396845408,352961.07983343326,6659903.3980014445,2543620.740238057,1087621.5697451392,123385.51996217929,1116534.8097247663,49.62552563211625,249.0820875860314,199.45656195391516
A02,Produção Florestal,163464.1102877178,71699.19003077154,1322634.870051136,561717.4793612033,252257.1900335057,18392.169990626186,256174.26002676028,63.05666842213162,304.888335441169,241.83166701903744
A03,Pesca E Aqüicultura,34302.70005637256,4565.089986678702,191108.4497954975,75615.55998107225,46912.120006744895,4473.559999013499,47968.18001082672,56.53383467049349,230.18227853544772,173.6484438649543
B05,Extração De Carvão Mineral,433.3200052018,101.6999986891,1583.97998196,658.43999022,559.76000527368,2.0,559.76000527368,68.42375057278625,208.57499883403625,140.15124826124998
B06,Extração De Petróleo E Gás Natural,11104.250032005579,1319.4099990883,42720.370107058,16336.209932727004,5277.219987591179,479.1200035116799,5377.22998787108,69.53472663658187,300.22449241699206,230.6897657804101
B07,Extração De Minerais Metálicos,34222.78007033255,12515.390051779581,160248.1500414972,77650.959959701,29663.619922061785,3359.059992693641,31015.70991238704,72.46400748788368,294.1779963054029,221.7139888175193
B08,Extração De Minerais Não Metálicos,84989.22005054085,26170.360074335316,547024.3208235884,225875.93024363474,153045.64991142173,15818.580067223342,155983.9999232642,64.76208001167039,252.13183784614876,187.3697578344784
B09,Atividades De Apoio À Extração De Minerais,19497.7599501769,1535.3800025973803,107786.7796019797,57037.24992949234,24268.290002012,2012.2599886814196,24808.34000236886,42.80250229238388,196.69982211635408,153.89731982397018
C10,Fabricação De Produtos Alimentícios,463813.87006078864,113257.82998714772,3486232.4981661863,1403716.5288022524,698184.7499349437,83840.73996192375,723208.3499243172,43.56630871715654,207.40565157611374,163.8393428589572
C11,Fabricação De Bebidas,54619.07014911327,38591.57026733042,342382.8997052161,178885.35020322536,80770.59007058456,11219.66997453332,85097.06007063965,67.74608681120188,265.79633373690154,198.05024692569967
C12,Fabricação De Produtos Do Fumo,4853.210080352581,847.5499848807198,23178.33008671119,13291.9899587996,5543.550010407161,415.3800010553601,5691.26001042076,58.42061577258493,245.44789805725566,187.02728228467078
C13,Fabricação De Produtos Têxteis,63766.17997478313,21084.85985272538,546787.4201392991,189639.3597812938,111176.9997657504,8510.799997645558,114051.14977390811,45.52579299643323,214.08307839826276,168.55728540182952
C14,Confecção De Artigos Do Vestuário E Acessórios,350678.4602487621,64485.249989897864,2733388.6093840525,907305.8802657014,429635.4204818914,40691.71999678164,445521.3504696364,37.500982994566535,196.1299965299138,158.6290135353472
C15,"Preparação De Couros E Fabricação De Artefatos De Couro, Artigos Para Viagem E Calçados",59749.96007051868,39261.770032879715,374328.42023721116,169351.81982157723,82364.82001831656,11714.700006954321,86000.04001721472,48.01758892307634,189.1232832025439,141.10569427946754
C16,Fabricação De Produtos De Madeira,65912.96994609575,10119.7600045491,553604.1593352667,208864.99025817972,172898.60007613333,13712.99999908152,176514.3600752123,48.70724976390688,195.7601233595571,147.05287359565025
C17,"Fabricação De Celulose, Papel E Produtos De Papel",37724.33015156575,19585.00004848522,250601.26980448232,103943.44987890383,45652.95008495164,3674.17000187412,46714.70009139975,52.563936478752275,231.7174077689928,179.15347129024065
C18,Impressão E Reprodução De Gravações,97462.85001294846,19286.089927875717,830288.859669513,300434.9401137802,110812.19003469119,15562.560006689586,117507.57001511601,31.8499673631462,185.5853582242329,153.73539086108673
C19,"Fabricação De Coque, De Produtos Derivados Do Petróleo E De Biocombustíveis",7428.45999986384,36787.4996407053,60488.140234657985,22258.400068650997,8785.00997181392,1250.63999350502,9000.759972148739,154.69976631604032,395.242034639613,240.54226832357267
C20,Fabricação De Produtos Químicos,94017.43012823172,152485.45037077804,690303.9498232788,313706.40988062305,126888.3200727793,13558.470031394283,130778.05008039366,77.45451253939711,283.5744796311447,206.1199670917474
C21,Fabricação De Produtos Farmoquímicos E Farmacêuticos,8203.449931394021,6710.979950252339,45268.33011287199,21176.620056230076,6881.099970921101,601.4500029118399,7137.51997323994,74.75237238944509,299.98949160674033,225.2371192172952
C22,Fabricação De Produtos De Borracha E De Material Plástico,120456.22022212528,63102.990005450985,805869.1804688289,360308.76982476556,150509.11009844686,12807.969999641018,154583.18011069164,54.75103470503045,243.5751846878015,188.82414998277113
C23,Fabricação De Produtos De Minerais Não Metálicos,172153.5000223166,52727.14014395736,1448914.2301014839,593554.8496936142,349967.35991719627,30580.789980323523,358362.32992227003,45.32154558151713,204.03388374260945,158.71233816109236
C24,Metalurgia,20946.130037618575,11220.020076068202,157150.11996381858,56568.25010364427,21255.609946294764,1538.43999286254,21824.619947040024,53.19287690712001,263.7528474169356,210.55997050981568
C25,"Fabricação De Produtos De Metal, Exceto Máquinas E Equipamentos",292365.8996815123,98272.73991209068,2263333.4105290347,949918.6298259598,477326.1499833767,45545.2900001664,491991.61000333464,43.39808484595032,201.3906131356049,157.99252828965456
C26,"Fabricação De Equipamentos De Informática, Produtos Eletrônicos E Ópticos",24589.089972873462,15523.629814190033,169580.5599025928,78162.53989515523,23779.160027472983,2309.7299886896403,24787.190022022638,50.861998282982874,245.01803260723685,194.15603432425394
C27,"Fabricação De Máquinas, Aparelhos E Materiais Elétricos",47761.770046000696,26037.2799052557,322686.68041532906,123971.79999876772,49254.51996107115,7201.140001105137,51219.289962753726,57.11207853540892,261.1588946222507,204.0468160868418
C28,Fabricação De Máquinas E Equipamentos,97798.2301611741,41869.20980046575,603230.1303213754,260119.10969267364,123897.23999771987,10631.3499850917,127492.00999341725,54.71215440406657,231.51928936496128,176.80713496089467
C29,"Fabricação De Veículos Automotores, Reboques E Carrocerias",42330.58007237885,27413.69979777384,359326.64019760356,148866.93029461906,67559.61993369523,5643.82000760398,69200.35994476885,47.4537704285934,221.01714832894265,173.5633779003492
C30,"Fabricação De Outros Equipamentos De Transporte, Exceto Veículos Automotores",12109.250092684619,7622.50996702712,92326.0295351448,39813.72001833108,16129.109995483657,1782.31000417192,16704.09999542922,45.71626104785566,211.5126845779383,165.7964235300827
C31,Fabricação De Móveis,136451.62995844832,20371.500033361503,1126834.4404013564,457290.4097067714,241166.33990709926,31812.56000489601,256485.62990756173,40.72408709226246,196.81087890506453,156.0867918128021
C32,Fabricação De Produtos Diversos,157991.5100413295,40285.240067616825,1190894.1904096424,502173.72962629324,207221.2803775446,24355.319985693466,215321.2103479798,40.335279935335095,205.44820367591782,165.1129237405827
C33,"Manutenção, Reparação E Instalação De Máquinas E Equipamentos",469593.3697799769,84474.69007708436,3479056.5610832823,1306771.9299209525,559886.6899775345,65790.33998800967,590433.4100097076,34.59798881096639,179.2723688292323,144.67438001826588
D35,"Eletricidade, Gás E Outras Utilidades",382516.26994100737,108936.19035777556,1938302.2398716726,840773.7100928879,245050.66023734718,42135.12997302863,257762.40025079853,80.25868886444364,377.96366475780843,297.70497589336475
E36,"Captação, Tratamento E Distribuição De Água",79610.66001089875,1246.5199914340603,490329.300069205,191548.78978791006,58304.430016283106,5968.779990004641,58758.780016764416,93.9542126642644,552.8223754214083,458.86816275714364
E37,Esgoto E Atividades Relacionadas,15653.540043985819,1211.4899966024404,125005.6101331906,41416.93996570275,14877.419953005001,1561.7399965299,15591.539951809362,36.38628922914531,222.95865481086435,186.57236558171897
E38,"Coleta, Tratamento E Disposição De Resíduos, Recuperação De Materiais",172295.60025415823,33173.719872587295,969948.2399893758,426065.76075188786,184602.9801758884,17524.909949258137,190188.6901543507,55.16703991649418,249.81483700813715,194.64779709164296
E39,Descontaminação E Outros Serviços De Gestão De Resíduos,1178.9700073932004,2254.1199991461594,22044.4998609796,5538.010094577701,1627.3200014519398,132.96000019748,1690.2300012392398,56.92577786420667,363.39811070373224,306.47233283952556
F41,Construção De Edifícios,2241324.4295878443,424107.6600898324,14456223.97938355,5589594.051234496,1787759.889816824,293328.0700084045,1927747.8598350382,38.35000375313287,205.71927845145512,167.36927469832222
F42,Obras De Infraestrutura,290050.9400132643,56340.26989391851,1928840.6391328305,707514.4903708142,283715.72025096376,40558.5899816145,301031.7302519076,40.10052277231898,203.39288136653678,163.29235859421772
F43,Serviços Especializados Para Construção,1460857.0107629134,216832.09983634952,11042341.989179071,3642231.739994914,1459480.7903356787,200126.5799941639,1552370.2102926576,30.920902537687624,171.4942567638559,140.5733542261681
G45,Comércio E Reparação De Veículos Automotores E Motocicletas,2127541.650704712,667234.609839568,16384870.430909665,6338598.470052806,2638506.572050638,317605.31997937063,2758445.5721130865,37.16493553554986,189.24174469197663,152.0768091564268
G46,"Comércio Por Atacado, Exceto Veículos Automotores E Motocicletas",4046230.808451639,1904285.8189380434,29104567.460986342,10949041.551376075,4528732.02057715,591980.7999963774,4753708.360570674,39.940690917491374,189.39278291781366,149.45209200032238
G47,Comércio Varejista,13504713.659292983,4875836.48003938,97319101.01298432,35940109.59847116,15296972.74990918,1948145.560365653,15946587.640068578,39.799441601247835,194.3023367928652,154.50289519161745
H49,Transporte Terrestre,1854758.0998186271,640019.290081668,13940904.178742897,5707913.799438019,2134653.320664116,273391.4300860301,2234048.2406320814,41.3156639279059,212.98703090020044,171.6713669722944
H50,Transporte Aquaviário,26188.629891443732,4519.990028734562,200196.28016876098,90508.23998520289,33861.059917980936,5243.7500026203215,35947.6599223412,47.30750875977253,253.62725336868948,206.31974460891686
H51,Transporte Aéreo,10530.32000749568,6185.9700739011005,121279.44001044777,37450.7301299834,11758.349966933441,1230.7900030883002,12215.279965680744,53.18303317477485,344.9664341682146,291.7834009934397
H52,Armazenamento E Atividades Auxiliares Dos Transportes,656747.1498659952,216310.17955196765,5200426.929411835,1831047.6006627195,567080.830014604,70632.26000205873,594923.8700159042,42.89583307328225,248.36233211116885,205.46649903788656
H53,Correio E Outras Atividades De Entrega,99768.6602031003,25692.029921745845,804239.5995139028,326247.69956359913,108793.42995955783,15027.499990241093,115341.83996123122,30.56645469485624,174.06573104386635,143.4992763490101
H55,Alojamento,243061.9299370214,25512.199957022203,1835518.0302303063,725071.1307664678,416875.07025906607,43569.239963391,432893.70021873096,45.40832665152605,211.16370993717948,165.7553832856534
I56,Alimentação,3337155.860060015,879060.0703953677,26641747.418903317,9418008.952689826,3853070.7612277353,454929.6100663099,4019955.2513087424,37.40789556239739,201.18783293678263,163.7799373743851
J58,Edição E Edição Integrada À Impressão,102492.53997136372,24936.580068620122,867984.5196093468,273899.3095779424,61218.680031695556,9564.609991467642,66521.09003629035,27.73094224710812,190.99714601995478,163.26620377284664
J59,"Atividades Cinematográficas, Produção De Vídeos E De Programas De Televisão, Gravação De Som E Edição De Música",236450.05011386162,21410.62005775377,1686948.439980241,465182.27998749487,119532.61006136499,19926.330021679383,131362.2400783146,22.994205130851892,150.13609205515834,127.14188692430649
J60,Atividades De Rádio E De Televisão,35265.770096081,2245.2500047170397,207852.4400977417,64399.5600002268,25798.180002844645,5566.86999537752,27582.49000334824,43.863551283117445,227.32177237339275,183.45822109027532
J61,Telecomunicações,403894.7900128237,89986.11974863884,2920103.948417322,1051247.7394605672,384479.4500591977,67977.76999428101,402185.98007366626,52.88090232134132,287.24807186267435,234.36716954133314
J62,Atividades Dos Serviços De Tecnologia Da Informação,1858610.2202047773,188917.33992396525,12755043.449750364,4068196.1905776123,1285875.3099119982,215412.05005480128,1418864.2199768869,20.890939323716523,122.27973229613812,101.38879297242153
J63,Atividades De Prestação De Serviços De Informação,442404.5102043593,145665.440547445,3803510.1311984104,1215335.5004849203,319261.5597510238,56210.37000393608,345644.0997558787,28.886092392887114,184.15294153542297,155.2668491425359
K64,Atividades De Serviços Financeiros,3627896.9291312885,155738.53001718209,22719780.97852984,9752730.61973216,1541637.6798163224,219434.7899700909,1652782.3797776848,39.817610679661165,277.6539696424175,237.83635896275632
K65,"Seguros, Resseguros, Previdência Complementar E Planos De Saúde",51115.86006330351,4008.42001873928,301992.88987305755,115822.23031083957,22410.37997076544,4989.36001333082,24365.669975998164,53.27744641959849,333.3143902425859,280.03694382298727
K66,"Atividades Auxiliares Dos Serviços Financeiros, Seguros, Previdência Complementar E Planos De Saúde",1002931.0494435385,60957.16007287739,5711818.197397663,2155365.8797983257,575270.1105771577,107398.66000420389,636952.3605682452,33.06005345471378,185.9782814795936,152.91822802487968
L68,Atividades Imobiliárias,2778801.0908583472,192967.27000260094,19325202.979321085,7498425.011021528,1899312.3804764869,283145.6399704651,2052803.1604319012,34.20123285567465,216.7841940184293,182.58296116275466
M69,"Atividades Jurídicas, De Contabilidade E De Auditoria",15363481.58021119,317478.2901701775,16371459.860699112,8666519.471986977,1375833.6800705455,1463326.530655546,2545217.040726956,175.38155087043583,416.30973166473666,240.9281807943004
M70,Atividades De Sedes De Empresas E De Consultoria Em Gestão Empresarial,1348723.6500477449,100541.97990495665,8920038.94152686,2856648.5303637614,866592.4199504934,164817.62994398182,961322.2499113594,26.824845097748362,157.87495940259387,131.05011430484532
M71,"Serviços De Arquitetura E Engenharia, Testes E Análises Técnicas",1634981.6699184312,170279.9800032416,11287891.97227413,3932670.231102381,1517198.7097633518,265334.96998246806,1659040.279731234,28.112716403224187,151.62716676293277,123.51445035970843
M72,Pesquisa E Desenvolvimento Científico,103022.01011874562,12025.789981855,459451.0596617862,159539.42996821183,43558.54998242542,11796.730007003938,51382.36998127175,48.57856686569539,229.25296547340062,180.67439860770523
M73,Publicidade E Pesquisa De Mercado,1360404.7104949774,120678.129854602,10710673.528793797,3173367.529259419,1163134.6797007807,195627.7999901547,1269695.0996710714,22.50125104311371,136.07213904354907,113.57088800043532
M74,"Outras Atividades Profissionais, Científicas E Técnicas",1244143.9701954082,134842.07998856378,9395291.3101665,3105933.890999152,1044870.7698001157,165606.27994256848,1128012.5497544047,26.938435914407016,161.26777057835517,134.329334663948
M75,Atividades Veterinárias,391564.53999183746,33191.88008833704,3040742.2189175775,1010747.5103323702,382473.5002385418,46781.089996482784,404296.13020933553,29.634420585126875,174.4546139383564,144.8201933532295
N77,Aluguéis Não Imobiliários E Gestão De Ativos Intangíveis Não Financeiros,900101.640470921,113298.02003279421,7349600.922359294,2949373.409852582,892754.3101482501,106674.4599648025,941102.960147213,33.61544159487691,210.74724305355426,177.13180145867733
N78,"Seleção, Agenciamento E Locação De Mão De Obra",99996.92983679374,14789.940043556206,861905.0288918362,276854.6596042621,91799.00995361773,14025.339988976799,98289.44994457546,30.223591464528436,191.74978841432957,161.52619694980115
N79,"Agências De Viagens, Operadores Turísticos E Serviços De Reservas",191632.0797924482,16070.63995410671,1519310.1201762417,529037.4997554071,168323.45004501747,24757.9300008495,180800.890052505,26.330302256798383,165.154268365348,138.8239661085496
N80,"Atividades De Vigilância, Segurança E Investigação",188378.17989284906,27634.600078403495,1240217.5400461364,519662.1097212652,174131.15996648444,29993.740050631262,187780.529996165,35.30587653820213,189.18186235331112,153.875985815109
N81,Serviços Para Edifícios E Atividades Paisagísticas,384865.1603222234,46241.70004983637,2709303.370349833,903026.540260507,338523.5599291662,51788.439988302045,361547.03992828727,33.4199300236254,185.72324019355287,152.3033101699274
N82,"Serviços De Escritório, De Apoio Administrativo E Outros Serviços Prestados Principalmente Às Empresas",4591073.300254893,413814.6895990819,32290331.579855934,10091542.840909159,3531008.190256554,464971.4400082227,3774535.480284854,25.76507479152958,150.143647937056,124.37857314552649
O84,"Administração Pública, Defesa E Seguridade Social",37444.10002926098,839.4100029371999,84658.90994247564,29433.619963057783,4621.420022724501,4926.5200178154,8789.34004152964,113.42855439452485,388.3503132030391,274.9217588085142
P85,Educação,2373472.3807336134,199858.40032061673,15832842.098804072,5243550.008914324,1786500.210636806,368076.42003230436,1992683.8406116823,34.77066831406152,195.26954971431434,160.4988814002527
Q86,Atividades De Atenção À Saúde Humana,6545088.761123052,443236.0800284666,53075938.04881029,16972170.1943792,6358631.860997392,985760.6702214556,6872170.091077144,29.108841194950326,176.21897462290747,147.11013342795684
Q87,"Atividades De Atenção À Saúde Humana Integradas Com Assistência Social, Prestadas Em Residências Coletivas E Particulares",275226.6503461069,11697.520011502207,1534739.1494898603,590603.6200078166,197115.16988029034,38589.01004691007,216470.55990195373,48.816401305233015,254.92023853347936,206.10383722824633
Q88,Serviços De Assistência Social Sem Alojamento,190531.44038799842,9109.459965819542,594434.4589124577,190837.22996688666,30977.19007772769,29577.570015039542,54000.960093676054,114.71816392921482,469.8840114549247,355.16584752570975
R90,"Atividades Artísticas, Criativas E De Espetáculos",191023.5601283765,15799.600006869077,1472503.1396910117,388780.63039612933,114193.03000411349,23926.090013848967,127036.41002064111,26.325466815635295,173.09125849574417,146.7657916801089
R91,Atividades Ligadas Ao Patrimônio Cultural E Ambiental,19181.43982818916,2157.4899814126397,78278.54001376938,23874.500099952176,8511.11994892304,2082.48000628698,9878.399954534141,72.26233741698134,308.72770805059605,236.46537063361473
R92,Atividades De Exploração De Jogos De Azar E Apostas,8787.2300381264,618.63000209392,53797.91001272541,18487.949970648937,11014.46002659502,941.87000417082,11670.970026461539,24.56507000778772,108.81432406766457,84.24925405987686
R93,Atividades Esportivas E De Recreação E Lazer,1263786.7996438204,86035.98984751038,7437974.616314552,2676015.0999983046,1046905.3206254146,154047.5700716491,1120054.0607647265,43.717729578307434,222.73907120095072,179.0213416226433
S94,Atividades De Organizações Associativas,7567676.6284755,211307.58024440563,24373821.893120628,4703486.772552162,752351.8499123687,1080522.310606135,1480520.7302331491,283.1219978276428,1172.2003854036343,889.0783875759913
S95,Reparação E Manutenção De Equipamentos De Informática E Comunicação E De Objetos Pessoais E Domésticos,270533.9797751074,40058.93985031171,1889641.4087456868,618104.909637248,235134.36003005455,36594.45997882082,255366.94000578197,32.680439983323794,177.48620960931612,144.8057696259923
S96,Outras Atividades De Serviços Pessoais,1008795.1501221347,102295.95996684313,8211211.80864424,3130854.7794912243,1051137.7701169057,148593.58994385484,1114691.9601083647,32.870352810310145,200.36993322404257,167.49958041373225
T97,Serviços Domésticos,2668.6800101821,86.95000001641999,25222.5899537306,7095.559996376381,1700.3900094165,303.31000235742,1871.7000109127803,21.93047403370284,175.09706147496817,153.16658744126534
U99,Organismos Internacionais E Outras Instituições Extraterritoriais,76.15000341700001,0.1799999957,1559.399968,174.020004971,0.2000000066,0.0,0.2000000066,38.26500170965,904.97498819515,866.7099864855
