ano,mes,uf,dias,horas,tempo_total_horas
2025,10,AC,2,18,66
2025,10,AL,0,12,12
2025,10,AM,2,6,54
2025,10,AP,0,15,15
2025,10,BA,0,15,15
2025,10,CE,1,4,28
2025,10,DF,0,15,15
2025,10,ES,0,13,13
2025,10,GO,0,14,14
2025,10,MA,0,14,14
2025,10,MG,1,8,32
2025,10,MS,0,13,13
2025,10,MT,1,17,41
2025,10,PA,2,12,60
2025,10,PB,0,12,12
2025,10,PE,0,12,12
2025,10,PI,0,7,7
2025,10,PR,0,8,8
2025,10,RJ,1,0,24
2025,10,RN,0,17,17
2025,10,RO,0,18,18
2025,10,RR,1,5,29
2025,10,RS,1,5,29
2025,10,SC,0,17,17
2025,10,SE,0,4,4
2025,10,SP,1,10,34
2025,10,TO,0,12,12
2025,11,AC,2,1,49
2025,11,AL,0,12,12
2025,11,AM,1,10,34
2025,11,AP,0,17,17
2025,11,BA,0,16,16
2025,11,CE,0,19,19
2025,11,DF,0,14,14
2025,11,ES,0,10,10
2025,11,GO,0,13,13
2025,11,MA,0,13,13
2025,11,MG,1,10,34
2025,11,MS,0,16,16
2025,11,MT,1,11,35
2025,11,PA,1,8,32
2025,11,PB,0,14,14
2025,11,PE,0,12,12
2025,11,PI,0,6,6
2025,11,PR,0,8,8
2025,11,RJ,1,3,27
2025,11,RN,0,16,16
2025,11,RO,0,17,17
2025,11,RR,0,23,23
2025,11,RS,1,0,24
2025,11,SC,0,18,18
2025,11,SE,0,3,3
2025,11,SP,1,10,34
2025,11,TO,0,10,10
2025,12,AC,0,17,17
2025,12,AL,0,20,20
2025,12,AM,1,5,29
2025,12,AP,0,18,18
2025,12,BA,0,19,19
2025,12,CE,2,8,56
2025,12,DF,1,6,30
2025,12,ES,0,23,23
2025,12,GO,1,16,40
2025,12,MA,1,2,26
2025,12,MG,3,2,74
2025,12,MS,0,21,21
2025,12,MT,0,21,21
2025,12,PA,2,2,50
2025,12,PB,1,6,30
2025,12,PE,0,17,17
2025,12,PI,0,10,10
2025,12,PR,0,23,23
2025,12,RJ,1,4,28
2025,12,RN,10,8,248
2025,12,RO,1,7,31
2025,12,RR,0,16,16
2025,12,RS,0,18,18
2025,12,SC,1,8,32
2025,12,SE,0,15,15
2025,12,SP,2,13,61
2025,12,TO,1,1,25
2026,1,AC,7,16,184
2026,1,AL,1,12,36
2026,1,AM,0,19,19
2026,1,AP,2,6,54
2026,1,BA,1,4,28
2026,1,CE,1,9,33
2026,1,DF,1,21,45
2026,1,ES,2,4,52
2026,1,GO,2,5,53
2026,1,MA,2,6,54
2026,1,MG,7,20,188
2026,1,MS,1,20,44
2026,1,MT,1,22,46
2026,1,PA,1,9,33
2026,1,PB,1,0,24
2026,1,PE,1,12,36
2026,1,PI,0,16,16
2026,1,PR,1,16,40
2026,1,RJ,2,0,48
2026,1,RN,2,22,70
2026,1,RO,2,0,48
2026,1,RR,1,10,34
2026,1,RS,1,4,28
2026,1,SC,3,4,76
2026,1,SE,1,23,47
2026,1,SP,6,3,147
2026,1,TO,1,18,42
2026,2,AC,1,1,25
2026,2,AL,2,10,58
2026,2,AM,1,6,30
2026,2,AP,0,12,12
2026,2,BA,1,7,31
2026,2,CE,1,19,43
2026,2,DF,3,0,72
2026,2,ES,2,7,55
2026,2,GO,3,8,80
2026,2,MA,1,3,27
2026,2,MG,8,14,206
2026,2,MS,1,20,44
2026,2,MT,1,9,33
2026,2,PA,1,10,34
2026,2,PB,1,12,36
2026,2,PE,2,3,51
2026,2,PI,0,9,9
2026,2,PR,1,16,40
2026,2,RJ,2,8,56
2026,2,RN,1,16,40
2026,2,RO,1,18,42
2026,2,RR,0,19,19
2026,2,RS,1,8,32
2026,2,SC,2,18,66
2026,2,SE,0,23,23
2026,2,SP,6,19,163
2026,2,TO,2,0,48
2026,3,AC,0,21,21
2026,3,AL,1,13,37
2026,3,AM,1,1,25
2026,3,AP,0,18,18
2026,3,BA,1,12,36
2026,3,CE,1,19,43
2026,3,DF,2,0,48
2026,3,ES,1,20,44
2026,3,GO,2,12,60
2026,3,MA,1,4,28
2026,3,MG,5,18,138
2026,3,MS,1,20,44
2026,3,MT,2,3,51
2026,3,PA,1,17,41
2026,3,PB,1,12,36
2026,3,PE,1,13,37
2026,3,PI,0,15,15
2026,3,PR,1,5,29
2026,3,RJ,1,15,39
2026,3,RN,1,14,38
2026,3,RO,1,9,33
2026,3,RR,1,7,31
2026,3,RS,1,13,37
2026,3,SC,2,1,49
2026,3,SE,0,21,21
2026,3,SP,3,19,91
2026,3,TO,1,17,41
2026,4,AC,0,19,19
2026,4,AL,1,12,36
2026,4,AM,0,21,21
2026,4,AP,0,18,18
2026,4,BA,1,11,35
2026,4,CE,2,2,50
2026,4,DF,2,14,62
2026,4,ES,1,9,33
2026,4,GO,2,7,55
2026,4,MA,1,11,35
2026,4,MG,4,13,109
2026,4,MS,1,17,41
2026,4,MT,1,9,33
2026,4,PA,1,12,36
2026,4,PB,1,4,28
2026,4,PE,1,20,44
2026,4,PI,0,11,11
2026,4,PR,1,7,31
2026,4,RJ,1,15,39
2026,4,RN,1,18,42
2026,4,RO,1,2,26
2026,4,RR,1,6,30
2026,4,RS,1,4,28
2026,4,SC,1,23,47
2026,4,SE,0,17,17
2026,4,SP,2,3,51
2026,4,TO,1,19,43
2026,5,AC,0,20,20
2026,5,AL,0,14,14
2026,5,AM,0,23,23
2026,5,AP,0,18,18
2026,5,BA,1,2,26
2026,5,CE,1,4,28
2026,5,DF,1,8,32
2026,5,ES,0,10,10
2026,5,GO,0,22,22
2026,5,MA,0,19,19
2026,5,MG,1,11,35
2026,5,MS,1,10,34
2026,5,MT,2,8,56
2026,5,PA,2,15,63
2026,5,PB,0,19,19
2026,5,PE,0,20,20
2026,5,PI,0,4,4
2026,5,PR,0,11,11
2026,5,RJ,1,6,30
2026,5,RN,1,4,28
2026,5,RO,0,22,22
2026,5,RR,1,8,32
2026,5,RS,1,10,34
2026,5,SC,1,0,24
2026,5,SE,0,8,8
2026,5,SP,2,0,48
2026,5,TO,0,21,21
2026,6,AC,1,18,42
2026,6,AL,0,15,15
2026,6,AM,0,17,17
2026,6,AP,1,5,29
2026,6,BA,1,3,27
2026,6,CE,0,23,23
2026,6,DF,1,7,31
2026,6,ES,0,11,11
2026,6,GO,0,19,19
2026,6,MA,0,17,17
2026,6,MG,1,12,36
2026,6,MS,1,14,38
2026,6,MT,2,6,54
2026,6,PA,1,17,41
2026,6,PB,0,22,22
2026,6,PE,0,20,20
2026,6,PI,0,5,5
2026,6,PR,0,11,11
2026,6,RJ,1,13,37
2026,6,RN,1,6,30
2026,6,RO,1,1,25
2026,6,RR,1,14,38
2026,6,RS,1,7,31
2026,6,SC,1,0,24
2026,6,SE,0,7,7
2026,6,SP,2,2,50
2026,6,TO,0,22,22
2026,7,AC,0,23,23
2026,7,AL,0,12,12
2026,7,AM,1,14,38
2026,7,AP,0,22,22
2026,7,BA,1,4,28
2026,7,CE,0,23,23
2026,7,DF,0,22,22
2026,7,ES,0,14,14
2026,7,GO,0,18,18
2026,7,MA,0,16,16
2026,7,MG,1,16,40
2026,7,MS,1,0,24
2026,7,MT,2,10,58
2026,7,PA,2,0,48
2026,7,PB,0,21,21
2026,7,PE,0,20,20
2026,7,PI,0,5,5
2026,7,PR,0,9,9
2026,7,RJ,1,14,38
2026,7,RN,0,21,21
2026,7,RO,0,17,17
2026,7,RR,1,5,29
2026,7,RS,1,6,30
2026,7,SC,1,1,25
2026,7,SE,0,5,5
2026,7,SP,1,21,45
2026,7,TO,0,20,20
2026,8,AC,2,11,59
2026,8,AL,0,13,13
2026,8,AM,0,22,22
2026,8,AP,1,10,34
2026,8,BA,1,7,31
2026,8,CE,0,20,20
2026,8,DF,0,22,22
2026,8,ES,0,10,10
2026,8,GO,0,19,19
2026,8,MA,0,14,14
2026,8,MG,1,11,35
2026,8,MS,0,14,14
2026,8,MT,1,19,43
2026,8,PA,1,18,42
2026,8,PB,0,17,17
2026,8,PE,1,0,24
2026,8,PI,0,7,7
2026,8,PR,0,9,9
2026,8,RJ,1,6,30
2026,8,RN,1,0,24
2026,8,RO,0,20,20
2026,8,RR,0,17,17
2026,8,RS,1,5,29
2026,8,SC,0,23,23
2026,8,SE,0,4,4
2026,8,SP,1,15,39
2026,8,TO,0,21,21
2026,9,AC,1,0,24
2026,9,AL,0,11,11
2026,9,AM,1,3,27
2026,9,AP,1,8,32
2026,9,BA,1,4,28
2026,9,CE,0,20,20
2026,9,DF,1,1,25
2026,9,ES,0,12,12
2026,9,GO,0,19,19
2026,9,MA,0,15,15
2026,9,MG,1,16,40
2026,9,MS,0,20,20
2026,9,MT,2,16,64
2026,9,PA,2,9,57
2026,9,PB,0,19,19
2026,9,PE,0,23,23
2026,9,PI,0,6,6
2026,9,PR,0,9,9
2026,9,RJ,1,6,30
2026,9,RN,0,22,22
2026,9,RO,0,19,19
2026,9,RR,1,10,34
2026,9,RS,0,23,23
2026,9,SC,0,19,19
2026,9,SE,0,10,10
2026,9,SP,1,16,40
2026,9,TO,0,23,23
