ano,mes,tipo,percentual1,percentual2,percentual3,percentual4
2025,10,viabilidade,88,8,2,2
2025,10,registro_inscricao,94,2,1,3
2025,11,viabilidade,88,8,2,2
2025,11,registro_inscricao,94,2,1,3
2025,12,viabilidade,83,9,4,4
2025,12,registro_inscricao,83,6,3,8
2026,1,viabilidade,81,8,5,6
2026,1,registro_inscricao,73,5,2,20
2026,2,viabilidade,82,8,4,6
2026,2,registro_inscricao,72,4,3,21
2026,3,viabilidade,81,7,5,7
2026,3,registro_inscricao,79,4,3,14
2026,4,viabilidade,80,7,4,9
2026,4,registro_inscricao,84,3,2,11
2026,5,viabilidade,85,7,3,5
2026,5,registro_inscricao,90,3,3,4
2026,6,viabilidade,83,7,4,6
2026,6,registro_inscricao,89,4,3,4
2026,7,viabilidade,86,6,3,5
2026,7,registro_inscricao,90,3,2,5
2026,8,viabilidade,87,6,3,4
2026,8,registro_inscricao,90,4,3,3
2026,9,viabilidade,87,6,3,4
2026,9,registro_inscricao,89,3,3,5
