State ID,State,Hours Deferred,Hours Liberation DBE,Hours Reception DBE,Hours Transmission,Hours Viability Address,Hours Viability Name,Hours Viability Total,Opening Time,Total Opening Time,User Opening Time
29,Bahia,2562185.6198554235,501491.48057585827,21700812.39431984,5964849.181935258,5270682.679316939,1220015.2301729529,5857383.7493087305,79.85338844000067,327.4917419394825,247.63835349948178
33,Rio de Janeiro,3360441.457752279,52749.87998274873,30291755.717126504,13184290.201167017,3730611.668858891,316929.58989791654,3730682.668858891,42.155205212809264,298.70251215516663,256.5473069423574
15,Pará,979116.9693292646,375655.8503589643,7550948.951178276,3395701.883065381,1514939.449896047,34755.5400669428,1523577.2299534774,56.19472578906517,269.9088437142063,213.7141179251413
26,Pernambuco,1577424.2693017786,26215.090026770817,16531304.94582975,4181318.2798764203,1747928.6999260373,174398.15024720013,1748283.6999260373,35.29714793398057,253.4097099392475,218.11256200526705
31,Minas Gerais,11217724.972026108,2303956.310934551,60597626.85298857,26701050.55253561,7878578.369899532,1292026.8605073486,8580793.220302265,46.98215835096803,232.54872399007448,185.56656563910656
35,São Paulo,45781313.92228835,10867195.276862094,221628374.90546286,60711175.573728874,15451968.849798175,2200885.1610245,17296231.020732,46.50846597305717,224.08944519162978,177.58097921857225
42,Santa Catarina,1295743.4399477593,44510.91001402452,27574375.851557713,12267341.358727828,9349837.797964174,109131.14008099999,9349958.797964174,45.63124012022666,215.69585339479173,170.06461327456512
12,Acre,307538.32975299144,2642.320016251242,1086822.8697320865,573890.2998563148,120376.8398964659,55013.28000514099,144424.26989769246,40.25902582951958,187.3289133240645,147.0698874945449
16,Amapá,205974.9201762221,1648.360001022258,1516425.2799128059,475511.59995354654,234761.42008812964,69509.06001389942,257735.21009312826,35.32669022017555,186.54029986614475,151.21360964596917
13,Amazonas,1206830.65926186,6500.240029651225,6533580.601329293,2506315.702362559,489017.69015914487,294560.1101547876,704044.8203493996,32.15346994299887,183.74818928314934,151.59471934015045
25,Paraíba,805710.4500735255,8056.959982686136,4948763.45000674,1333330.1095488614,709884.8802592544,313548.51004218083,844514.0101855899,38.08289133386467,182.35290694004698,144.27001560618234
27,Alagoas,805089.3309951443,53768.07994160318,4636868.9629699765,1088601.580150626,376593.88009870733,160442.10004795544,469324.64009433787,33.01061391900294,175.3113606102073,142.3007466912042
24,Rio Grande do Norte,587929.4698187747,91490.55007937767,4690458.098164071,1393214.1498955379,722267.3203077932,147423.12008418766,742382.7203309077,32.38435541702488,170.95196310788714,138.56760769086213
43,Rio Grande do Sul,6845160.888566293,44718.870172143295,26688532.16176736,14748182.482477015,4838947.700561165,1829829.3498299264,5657987.840410979,38.92875788138657,167.48285833230585,128.5541004509193
53,Distrito Federal,1705354.6712929353,17523.800049652848,12385553.428188708,5956878.120039912,1514345.9099316301,310040.1200334789,1729714.1800329909,26.480592807102088,167.16283075581148,140.68223794870943
32,Espírito Santo,1034012.6804815577,24443.469989192425,10071435.218564395,3164979.9905292857,890955.5498971147,203069.789948831,956232.7198681585,20.428391944382636,154.64200765987908,134.21361571549645
50,Mato Grosso do Sul,746938.609984142,7559.330030184604,5940638.837066986,3002143.150233506,836828.9797672207,198153.96994394544,944783.5496925367,24.62905268072847,154.24398111468014,129.61492843395152
22,Piauí,206730.22005429643,7295.019978419022,3470244.7696908717,1182877.7296353609,927789.6800312158,194124.19989785543,957089.1700770148,30.39092799039136,151.1414794196435,120.75055142925225
21,Maranhão,350839.1094637616,378829.2399201626,5970208.220251498,2177510.239422399,1208444.3500758754,243265.3899693268,1250995.620122401,29.47416621289171,150.7199766247057,121.24581041181395
11,Rondônia,405153.2098710088,5687.969985013777,2639513.371334302,814660.539948738,434314.35007186205,75494.57001359249,445058.8400644707,29.154887077034225,146.81588483848932,117.66099776145519
14,Roraima,104274.75992319985,1434.5799998741597,792995.1690994375,426285.05038106395,137223.829996906,58394.20999224308,155130.17001477617,25.688350397661036,145.76715869788777,120.07880830022665
51,Mato Grosso,1978936.191678987,21205.20002036461,9453237.096712232,4446409.690177488,1652054.2399247247,490845.8299786539,1843723.0298578662,30.004405757218183,138.5021560256572,108.49775026843898
23,Ceará,2827909.4600157696,34298.41001749602,10934896.277725738,5564955.560882174,2358409.412154962,508355.5998920779,2708726.0821117563,34.74927302077763,137.66879446321028,102.91952144243254
41,Paraná,3922686.6502507012,179244.9800736695,30544907.37919872,13789655.13661591,3663045.2399659,859434.4899109562,3983137.379923833,21.059364265932505,136.53861378227347,115.47924951634096
17,Tocantins,411916.3899342237,6123.949988759683,2523100.819951096,820846.4901212988,465322.0099894439,74265.98006152117,475032.1499797778,28.273419125043876,134.13808845332434,105.8646693282805
52,Goiás,1376155.6201488446,32543.029922056387,11411909.159176845,3930591.9401894156,2011746.5893605622,328569.37993437116,2116133.3193474263,22.443010941367554,120.13048172819188,97.68747078682424
28,Sergipe,108783.39988170555,5084.049988427499,2522741.268925341,703720.5197436803,279790.58011965797,42357.620012374435,287470.07013338566,13.243714361256561,119.71354635271055,106.46983199145399
