uf,matriz,filial,total
PA,1426624,64680,1491304
ES,1486364,70308,1556672
RS,4760194,246508,5006702
AM,763049,34947,797996
MT,1357614,71501,1429115
MG,7646740,326220,7972960
PR,4800141,217860,5018001
CE,2004528,85968,2090496
BA,3469994,159004,3628998
PI,602922,29584,632506
AL,671429,27651,699080
SP,20302323,1022781,21325104
GO,2566490,103343,2669833
MS,939490,52806,992296
AC,160005,8445,168450
SE,468889,23221,492110
PE,2097477,101290,2198767
RJ,6014387,226408,6240795
DF,1235115,49873,1284988
RR,138180,6903,145083
AP,153632,8624,162256
SC,3419913,178548,3598461
RO,485604,26890,512494
TO,474002,21124,495126
PB,904377,39541,943918
RN,799104,40563,839667
MA,1050551,42785,1093336
