Company Size Sebrae ID,Company Size Sebrae,Division ID,Division,Establishments
5,Micro Empresário Individual (MEI),G47,Comércio Varejista,2514355.0
4,Microempresa (ME),G47,Comércio Varejista,2086501.0
5,Micro Empresário Individual (MEI),S96,Outras Atividades De Serviços Pessoais,1241955.0
5,Micro Empresário Individual (MEI),H49,Transporte Terrestre,1190828.0
5,Micro Empresário Individual (MEI),I56,Alimentação,1180516.0
5,Micro Empresário Individual (MEI),F43,Serviços Especializados Para Construção,1165640.0
5,Micro Empresário Individual (MEI),N82,"Serviços De Escritório, De Apoio Administrativo E Outros Serviços Prestados Principalmente Às Empresas",766604.0
9,Outros,A01,"Agricultura, Pecuária E Serviços Relacionados",728055.0
4,Microempresa (ME),Q86,Atividades De Atenção À Saúde Humana,692564.0
5,Micro Empresário Individual (MEI),P85,Educação,657333.0
5,Micro Empresário Individual (MEI),M73,Publicidade E Pesquisa De Mercado,654269.0
4,Microempresa (ME),N82,"Serviços De Escritório, De Apoio Administrativo E Outros Serviços Prestados Principalmente Às Empresas",610060.0
5,Micro Empresário Individual (MEI),H53,Correio E Outras Atividades De Entrega,597160.0
5,Micro Empresário Individual (MEI),G45,Comércio E Reparação De Veículos Automotores E Motocicletas,592083.0
4,Microempresa (ME),I56,Alimentação,536302.0
4,Microempresa (ME),G45,Comércio E Reparação De Veículos Automotores E Motocicletas,441910.0
3,Empresa de Pequeno Porte (EPP),G47,Comércio Varejista,391020.0
4,Microempresa (ME),G46,"Comércio Por Atacado, Exceto Veículos Automotores E Motocicletas",379318.0
4,Microempresa (ME),F43,Serviços Especializados Para Construção,367007.0
4,Microempresa (ME),H49,Transporte Terrestre,333437.0
4,Microempresa (ME),P85,Educação,308649.0
4,Microempresa (ME),M69,"Atividades Jurídicas, De Contabilidade E De Auditoria",276162.0
9,Outros,K64,Atividades De Serviços Financeiros,273563.0
4,Microempresa (ME),M73,Publicidade E Pesquisa De Mercado,273263.0
5,Micro Empresário Individual (MEI),T97,Serviços Domésticos,268734.0
5,Micro Empresário Individual (MEI),C10,Fabricação De Produtos Alimentícios,267584.0
4,Microempresa (ME),S96,Outras Atividades De Serviços Pessoais,256209.0
5,Micro Empresário Individual (MEI),S95,Reparação E Manutenção De Equipamentos De Informática E Comunicação E De Objetos Pessoais E Domésticos,254664.0
5,Micro Empresário Individual (MEI),C14,Confecção De Artigos Do Vestuário E Acessórios,240189.0
4,Microempresa (ME),J62,Atividades Dos Serviços De Tecnologia Da Informação,225822.0
9,Outros,G47,Comércio Varejista,200755.0
4,Microempresa (ME),M71,"Serviços De Arquitetura E Engenharia, Testes E Análises Técnicas",190484.0
4,Microempresa (ME),L68,Atividades Imobiliárias,182420.0
5,Micro Empresário Individual (MEI),C25,"Fabricação De Produtos De Metal, Exceto Máquinas E Equipamentos",173774.0
5,Micro Empresário Individual (MEI),Q87,"Atividades De Atenção À Saúde Humana Integradas Com Assistência Social, Prestadas Em Residências Coletivas E Particulares",167030.0
9,Outros,F41,Construção De Edifícios,165492.0
5,Micro Empresário Individual (MEI),C33,"Manutenção, Reparação E Instalação De Máquinas E Equipamentos",156598.0
5,Micro Empresário Individual (MEI),J58,Edição E Edição Integrada À Impressão,143412.0
4,Microempresa (ME),F41,Construção De Edifícios,142642.0
4,Microempresa (ME),M74,"Outras Atividades Profissionais, Científicas E Técnicas",139506.0
9,Outros,L68,Atividades Imobiliárias,119747.0
4,Microempresa (ME),M70,Atividades De Sedes De Empresas E De Consultoria Em Gestão Empresarial,118213.0
3,Empresa de Pequeno Porte (EPP),G46,"Comércio Por Atacado, Exceto Veículos Automotores E Motocicletas",115505.0
9,Outros,G46,"Comércio Por Atacado, Exceto Veículos Automotores E Motocicletas",115394.0
5,Micro Empresário Individual (MEI),R90,"Atividades Artísticas, Criativas E De Espetáculos",113494.0
5,Micro Empresário Individual (MEI),J59,"Atividades Cinematográficas, Produção De Vídeos E De Programas De Televisão, Gravação De Som E Edição De Música",112745.0
3,Empresa de Pequeno Porte (EPP),Q86,Atividades De Atenção À Saúde Humana,112516.0
5,Micro Empresário Individual (MEI),C32,Fabricação De Produtos Diversos,112421.0
5,Micro Empresário Individual (MEI),M74,"Outras Atividades Profissionais, Científicas E Técnicas",110451.0
4,Microempresa (ME),C10,Fabricação De Produtos Alimentícios,100344.0
4,Microempresa (ME),R93,Atividades Esportivas E De Recreação E Lazer,100137.0
4,Microempresa (ME),C33,"Manutenção, Reparação E Instalação De Máquinas E Equipamentos",97999.0
5,Micro Empresário Individual (MEI),N81,Serviços Para Edifícios E Atividades Paisagísticas,96720.0
4,Microempresa (ME),N77,Aluguéis Não Imobiliários E Gestão De Ativos Intangíveis Não Financeiros,94458.0
4,Microempresa (ME),S95,Reparação E Manutenção De Equipamentos De Informática E Comunicação E De Objetos Pessoais E Domésticos,92628.0
9,Outros,Q86,Atividades De Atenção À Saúde Humana,91835.0
3,Empresa de Pequeno Porte (EPP),N82,"Serviços De Escritório, De Apoio Administrativo E Outros Serviços Prestados Principalmente Às Empresas",87659.0
5,Micro Empresário Individual (MEI),C31,Fabricação De Móveis,87514.0
4,Microempresa (ME),C14,Confecção De Artigos Do Vestuário E Acessórios,85206.0
4,Microempresa (ME),C25,"Fabricação De Produtos De Metal, Exceto Máquinas E Equipamentos",83041.0
4,Microempresa (ME),K66,"Atividades Auxiliares Dos Serviços Financeiros, Seguros, Previdência Complementar E Planos De Saúde",82215.0
5,Micro Empresário Individual (MEI),H52,Armazenamento E Atividades Auxiliares Dos Transportes,75443.0
4,Microempresa (ME),H52,Armazenamento E Atividades Auxiliares Dos Transportes,75396.0
5,Micro Empresário Individual (MEI),N77,Aluguéis Não Imobiliários E Gestão De Ativos Intangíveis Não Financeiros,74285.0
5,Micro Empresário Individual (MEI),A01,"Agricultura, Pecuária E Serviços Relacionados",73789.0
5,Micro Empresário Individual (MEI),N79,"Agências De Viagens, Operadores Turísticos E Serviços De Reservas",72192.0
5,Micro Empresário Individual (MEI),C13,Fabricação De Produtos Têxteis,68832.0
3,Empresa de Pequeno Porte (EPP),G45,Comércio E Reparação De Veículos Automotores E Motocicletas,67307.0
3,Empresa de Pequeno Porte (EPP),I56,Alimentação,64753.0
3,Empresa de Pequeno Porte (EPP),F41,Construção De Edifícios,64400.0
4,Microempresa (ME),H53,Correio E Outras Atividades De Entrega,62001.0
4,Microempresa (ME),N81,Serviços Para Edifícios E Atividades Paisagísticas,56573.0
4,Microempresa (ME),A01,"Agricultura, Pecuária E Serviços Relacionados",55974.0
3,Empresa de Pequeno Porte (EPP),H49,Transporte Terrestre,55321.0
4,Microempresa (ME),J59,"Atividades Cinematográficas, Produção De Vídeos E De Programas De Televisão, Gravação De Som E Edição De Música",54054.0
4,Microempresa (ME),J63,Atividades De Prestação De Serviços De Informação,52894.0
5,Micro Empresário Individual (MEI),C18,Impressão E Reprodução De Gravações,50477.0
3,Empresa de Pequeno Porte (EPP),L68,Atividades Imobiliárias,49789.0
9,Outros,H49,Transporte Terrestre,48617.0
4,Microempresa (ME),H55,Alojamento,47539.0
4,Microempresa (ME),R90,"Atividades Artísticas, Criativas E De Espetáculos",46375.0
4,Microempresa (ME),N79,"Agências De Viagens, Operadores Turísticos E Serviços De Reservas",45041.0
4,Microempresa (ME),C31,Fabricação De Móveis,44515.0
4,Microempresa (ME),M75,Atividades Veterinárias,41188.0
9,Outros,N82,"Serviços De Escritório, De Apoio Administrativo E Outros Serviços Prestados Principalmente Às Empresas",38926.0
3,Empresa de Pequeno Porte (EPP),F43,Serviços Especializados Para Construção,38787.0
5,Micro Empresário Individual (MEI),C16,Fabricação De Produtos De Madeira,38667.0
9,Outros,G45,Comércio E Reparação De Veículos Automotores E Motocicletas,37517.0
4,Microempresa (ME),J58,Edição E Edição Integrada À Impressão,37112.0
4,Microempresa (ME),C23,Fabricação De Produtos De Minerais Não Metálicos,36783.0
3,Empresa de Pequeno Porte (EPP),P85,Educação,36775.0
4,Microempresa (ME),K64,Atividades De Serviços Financeiros,35875.0
4,Microempresa (ME),C32,Fabricação De Produtos Diversos,35803.0
5,Micro Empresário Individual (MEI),C23,Fabricação De Produtos De Minerais Não Metálicos,33398.0
3,Empresa de Pequeno Porte (EPP),M71,"Serviços De Arquitetura E Engenharia, Testes E Análises Técnicas",32594.0
4,Microempresa (ME),C18,Impressão E Reprodução De Gravações,32405.0
4,Microempresa (ME),J61,Telecomunicações,31439.0
5,Micro Empresário Individual (MEI),E38,"Coleta, Tratamento E Disposição De Resíduos, Recuperação De Materiais",30991.0
3,Empresa de Pequeno Porte (EPP),J62,Atividades Dos Serviços De Tecnologia Da Informação,30821.0
9,Outros,I56,Alimentação,29841.0
5,Micro Empresário Individual (MEI),H55,Alojamento,29591.0
9,Outros,M69,"Atividades Jurídicas, De Contabilidade E De Auditoria",28354.0
3,Empresa de Pequeno Porte (EPP),M73,Publicidade E Pesquisa De Mercado,28329.0
4,Microempresa (ME),Q87,"Atividades De Atenção À Saúde Humana Integradas Com Assistência Social, Prestadas Em Residências Coletivas E Particulares",26899.0
9,Outros,M70,Atividades De Sedes De Empresas E De Consultoria Em Gestão Empresarial,25541.0
5,Micro Empresário Individual (MEI),J61,Telecomunicações,25531.0
3,Empresa de Pequeno Porte (EPP),M70,Atividades De Sedes De Empresas E De Consultoria Em Gestão Empresarial,25502.0
5,Micro Empresário Individual (MEI),C15,"Preparação De Couros E Fabricação De Artefatos De Couro, Artigos Para Viagem E Calçados",25382.0
9,Outros,N77,Aluguéis Não Imobiliários E Gestão De Ativos Intangíveis Não Financeiros,25156.0
4,Microempresa (ME),F42,Obras De Infraestrutura,25009.0
3,Empresa de Pequeno Porte (EPP),K64,Atividades De Serviços Financeiros,23463.0
3,Empresa de Pequeno Porte (EPP),N77,Aluguéis Não Imobiliários E Gestão De Ativos Intangíveis Não Financeiros,23059.0
3,Empresa de Pequeno Porte (EPP),M74,"Outras Atividades Profissionais, Científicas E Técnicas",22820.0
9,Outros,M71,"Serviços De Arquitetura E Engenharia, Testes E Análises Técnicas",21819.0
9,Outros,D35,"Eletricidade, Gás E Outras Utilidades",21460.0
9,Outros,A02,Produção Florestal,21213.0
5,Micro Empresário Individual (MEI),C17,"Fabricação De Celulose, Papel E Produtos De Papel",21053.0
9,Outros,J62,Atividades Dos Serviços De Tecnologia Da Informação,20969.0
3,Empresa de Pequeno Porte (EPP),M69,"Atividades Jurídicas, De Contabilidade E De Auditoria",20949.0
9,Outros,H52,Armazenamento E Atividades Auxiliares Dos Transportes,19996.0
4,Microempresa (ME),C16,Fabricação De Produtos De Madeira,19811.0
4,Microempresa (ME),N80,"Atividades De Vigilância, Segurança E Investigação",19108.0
4,Microempresa (ME),C13,Fabricação De Produtos Têxteis,18463.0
3,Empresa de Pequeno Porte (EPP),A01,"Agricultura, Pecuária E Serviços Relacionados",18045.0
5,Micro Empresário Individual (MEI),R93,Atividades Esportivas E De Recreação E Lazer,17108.0
3,Empresa de Pequeno Porte (EPP),C10,Fabricação De Produtos Alimentícios,17093.0
9,Outros,F42,Obras De Infraestrutura,16740.0
4,Microempresa (ME),E38,"Coleta, Tratamento E Disposição De Resíduos, Recuperação De Materiais",16684.0
9,Outros,K66,"Atividades Auxiliares Dos Serviços Financeiros, Seguros, Previdência Complementar E Planos De Saúde",16229.0
3,Empresa de Pequeno Porte (EPP),S96,Outras Atividades De Serviços Pessoais,16151.0
9,Outros,C10,Fabricação De Produtos Alimentícios,16147.0
9,Outros,M74,"Outras Atividades Profissionais, Científicas E Técnicas",15863.0
3,Empresa de Pequeno Porte (EPP),K66,"Atividades Auxiliares Dos Serviços Financeiros, Seguros, Previdência Complementar E Planos De Saúde",15362.0
3,Empresa de Pequeno Porte (EPP),C25,"Fabricação De Produtos De Metal, Exceto Máquinas E Equipamentos",15303.0
3,Empresa de Pequeno Porte (EPP),C33,"Manutenção, Reparação E Instalação De Máquinas E Equipamentos",14567.0
3,Empresa de Pequeno Porte (EPP),H52,Armazenamento E Atividades Auxiliares Dos Transportes,14510.0
3,Empresa de Pequeno Porte (EPP),C14,Confecção De Artigos Do Vestuário E Acessórios,14315.0
4,Microempresa (ME),C15,"Preparação De Couros E Fabricação De Artefatos De Couro, Artigos Para Viagem E Calçados",13828.0
9,Outros,P85,Educação,13676.0
4,Microempresa (ME),T97,Serviços Domésticos,13108.0
4,Microempresa (ME),C22,Fabricação De Produtos De Borracha E De Material Plástico,12874.0
9,Outros,F43,Serviços Especializados Para Construção,11704.0
4,Microempresa (ME),B08,Extração De Minerais Não Metálicos,11698.0
4,Microempresa (ME),C28,Fabricação De Máquinas E Equipamentos,11048.0
9,Outros,A03,Pesca E Aqüicultura,10849.0
3,Empresa de Pequeno Porte (EPP),R93,Atividades Esportivas E De Recreação E Lazer,10826.0
5,Micro Empresário Individual (MEI),C22,Fabricação De Produtos De Borracha E De Material Plástico,9916.0
3,Empresa de Pequeno Porte (EPP),N81,Serviços Para Edifícios E Atividades Paisagísticas,9704.0
4,Microempresa (ME),A02,Produção Florestal,9296.0
3,Empresa de Pequeno Porte (EPP),C23,Fabricação De Produtos De Minerais Não Metálicos,9213.0
9,Outros,J61,Telecomunicações,9100.0
5,Micro Empresário Individual (MEI),J63,Atividades De Prestação De Serviços De Informação,8878.0
5,Micro Empresário Individual (MEI),H50,Transporte Aquaviário,8834.0
4,Microempresa (ME),N78,"Seleção, Agenciamento E Locação De Mão De Obra",8659.0
3,Empresa de Pequeno Porte (EPP),H55,Alojamento,8287.0
5,Micro Empresário Individual (MEI),N80,"Atividades De Vigilância, Segurança E Investigação",8141.0
3,Empresa de Pequeno Porte (EPP),J63,Atividades De Prestação De Serviços De Informação,8017.0
4,Microempresa (ME),C20,Fabricação De Produtos Químicos,7957.0
3,Empresa de Pequeno Porte (EPP),F42,Obras De Infraestrutura,7951.0
9,Outros,M73,Publicidade E Pesquisa De Mercado,7826.0
4,Microempresa (ME),C29,"Fabricação De Veículos Automotores, Reboques E Carrocerias",7630.0
3,Empresa de Pequeno Porte (EPP),C22,Fabricação De Produtos De Borracha E De Material Plástico,6772.0
3,Empresa de Pequeno Porte (EPP),C28,Fabricação De Máquinas E Equipamentos,6557.0
9,Outros,J63,Atividades De Prestação De Serviços De Informação,6477.0
3,Empresa de Pequeno Porte (EPP),N79,"Agências De Viagens, Operadores Turísticos E Serviços De Reservas",6323.0
4,Microempresa (ME),X99,Atividade não Informada,6236.0
3,Empresa de Pequeno Porte (EPP),C31,Fabricação De Móveis,6203.0
4,Microempresa (ME),C11,Fabricação De Bebidas,6100.0
9,Outros,C25,"Fabricação De Produtos De Metal, Exceto Máquinas E Equipamentos",6049.0
3,Empresa de Pequeno Porte (EPP),J59,"Atividades Cinematográficas, Produção De Vídeos E De Programas De Televisão, Gravação De Som E Edição De Música",6009.0
9,Outros,C20,Fabricação De Produtos Químicos,5992.0
4,Microempresa (ME),C17,"Fabricação De Celulose, Papel E Produtos De Papel",5949.0
9,Outros,R93,Atividades Esportivas E De Recreação E Lazer,5882.0
3,Empresa de Pequeno Porte (EPP),J61,Telecomunicações,5848.0
3,Empresa de Pequeno Porte (EPP),S95,Reparação E Manutenção De Equipamentos De Informática E Comunicação E De Objetos Pessoais E Domésticos,5822.0
9,Outros,C28,Fabricação De Máquinas E Equipamentos,5683.0
9,Outros,C22,Fabricação De Produtos De Borracha E De Material Plástico,5668.0
9,Outros,B08,Extração De Minerais Não Metálicos,5362.0
9,Outros,S96,Outras Atividades De Serviços Pessoais,5299.0
3,Empresa de Pequeno Porte (EPP),C16,Fabricação De Produtos De Madeira,5281.0
9,Outros,H55,Alojamento,5257.0
3,Empresa de Pequeno Porte (EPP),C32,Fabricação De Produtos Diversos,5221.0
9,Outros,C23,Fabricação De Produtos De Minerais Não Metálicos,5201.0
3,Empresa de Pequeno Porte (EPP),R90,"Atividades Artísticas, Criativas E De Espetáculos",5061.0
3,Empresa de Pequeno Porte (EPP),C18,Impressão E Reprodução De Gravações,5033.0
4,Microempresa (ME),J60,Atividades De Rádio E De Televisão,4993.0
4,Microempresa (ME),M72,Pesquisa E Desenvolvimento Científico,4731.0
9,Outros,E38,"Coleta, Tratamento E Disposição De Resíduos, Recuperação De Materiais",4397.0
9,Outros,E36,"Captação, Tratamento E Distribuição De Água",4051.0
9,Outros,C33,"Manutenção, Reparação E Instalação De Máquinas E Equipamentos",3979.0
3,Empresa de Pequeno Porte (EPP),C20,Fabricação De Produtos Químicos,3948.0
9,Outros,C14,Confecção De Artigos Do Vestuário E Acessórios,3932.0
3,Empresa de Pequeno Porte (EPP),N80,"Atividades De Vigilância, Segurança E Investigação",3830.0
5,Micro Empresário Individual (MEI),C29,"Fabricação De Veículos Automotores, Reboques E Carrocerias",3651.0
3,Empresa de Pequeno Porte (EPP),B08,Extração De Minerais Não Metálicos,3646.0
4,Microempresa (ME),C27,"Fabricação De Máquinas, Aparelhos E Materiais Elétricos",3600.0
3,Empresa de Pequeno Porte (EPP),C13,Fabricação De Produtos Têxteis,3540.0
9,Outros,N81,Serviços Para Edifícios E Atividades Paisagísticas,3535.0
4,Microempresa (ME),H50,Transporte Aquaviário,3501.0
9,Outros,N78,"Seleção, Agenciamento E Locação De Mão De Obra",3478.0
3,Empresa de Pequeno Porte (EPP),M75,Atividades Veterinárias,3462.0
9,Outros,K65,"Seguros, Resseguros, Previdência Complementar E Planos De Saúde",3456.0
3,Empresa de Pequeno Porte (EPP),J58,Edição E Edição Integrada À Impressão,3428.0
3,Empresa de Pequeno Porte (EPP),E38,"Coleta, Tratamento E Disposição De Resíduos, Recuperação De Materiais",3375.0
4,Microempresa (ME),A03,Pesca E Aqüicultura,2977.0
9,Outros,N80,"Atividades De Vigilância, Segurança E Investigação",2860.0
3,Empresa de Pequeno Porte (EPP),N78,"Seleção, Agenciamento E Locação De Mão De Obra",2833.0
9,Outros,C13,Fabricação De Produtos Têxteis,2827.0
3,Empresa de Pequeno Porte (EPP),H53,Correio E Outras Atividades De Entrega,2721.0
3,Empresa de Pequeno Porte (EPP),C15,"Preparação De Couros E Fabricação De Artefatos De Couro, Artigos Para Viagem E Calçados",2692.0
9,Outros,N79,"Agências De Viagens, Operadores Turísticos E Serviços De Reservas",2672.0
3,Empresa de Pequeno Porte (EPP),A02,Produção Florestal,2624.0
3,Empresa de Pequeno Porte (EPP),C29,"Fabricação De Veículos Automotores, Reboques E Carrocerias",2609.0
9,Outros,C27,"Fabricação De Máquinas, Aparelhos E Materiais Elétricos",2573.0
4,Microempresa (ME),E37,Esgoto E Atividades Relacionadas,2484.0
9,Outros,C29,"Fabricação De Veículos Automotores, Reboques E Carrocerias",2472.0
4,Microempresa (ME),C26,"Fabricação De Equipamentos De Informática, Produtos Eletrônicos E Ópticos",2372.0
3,Empresa de Pequeno Porte (EPP),C27,"Fabricação De Máquinas, Aparelhos E Materiais Elétricos",2347.0
9,Outros,J59,"Atividades Cinematográficas, Produção De Vídeos E De Programas De Televisão, Gravação De Som E Edição De Música",2308.0
9,Outros,J58,Edição E Edição Integrada À Impressão,2283.0
9,Outros,C16,Fabricação De Produtos De Madeira,2272.0
9,Outros,B07,Extração De Minerais Metálicos,2179.0
3,Empresa de Pequeno Porte (EPP),Q87,"Atividades De Atenção À Saúde Humana Integradas Com Assistência Social, Prestadas Em Residências Coletivas E Particulares",2134.0
5,Micro Empresário Individual (MEI),E37,Esgoto E Atividades Relacionadas,2118.0
3,Empresa de Pequeno Porte (EPP),C17,"Fabricação De Celulose, Papel E Produtos De Papel",2033.0
9,Outros,C32,Fabricação De Produtos Diversos,2016.0
4,Microempresa (ME),E36,"Captação, Tratamento E Distribuição De Água",2012.0
9,Outros,C31,Fabricação De Móveis,1995.0
5,Micro Empresário Individual (MEI),E36,"Captação, Tratamento E Distribuição De Água",1856.0
9,Outros,C24,Metalurgia,1837.0
9,Outros,R90,"Atividades Artísticas, Criativas E De Espetáculos",1831.0
9,Outros,C17,"Fabricação De Celulose, Papel E Produtos De Papel",1819.0
4,Microempresa (ME),C24,Metalurgia,1790.0
9,Outros,C26,"Fabricação De Equipamentos De Informática, Produtos Eletrônicos E Ópticos",1790.0
3,Empresa de Pequeno Porte (EPP),C11,Fabricação De Bebidas,1725.0
4,Microempresa (ME),Q88,Serviços De Assistência Social Sem Alojamento,1723.0
9,Outros,C15,"Preparação De Couros E Fabricação De Artefatos De Couro, Artigos Para Viagem E Calçados",1641.0
9,Outros,J60,Atividades De Rádio E De Televisão,1585.0
9,Outros,C11,Fabricação De Bebidas,1576.0
4,Microempresa (ME),C30,"Fabricação De Outros Equipamentos De Transporte, Exceto Veículos Automotores",1506.0
5,Micro Empresário Individual (MEI),A03,Pesca E Aqüicultura,1506.0
3,Empresa de Pequeno Porte (EPP),C26,"Fabricação De Equipamentos De Informática, Produtos Eletrônicos E Ópticos",1475.0
9,Outros,S95,Reparação E Manutenção De Equipamentos De Informática E Comunicação E De Objetos Pessoais E Domésticos,1449.0
9,Outros,H51,Transporte Aéreo,1447.0
9,Outros,X99,Atividade não Informada,1386.0
3,Empresa de Pequeno Porte (EPP),J60,Atividades De Rádio E De Televisão,1344.0
9,Outros,C18,Impressão E Reprodução De Gravações,1316.0
9,Outros,M72,Pesquisa E Desenvolvimento Científico,1290.0
9,Outros,H50,Transporte Aquaviário,1280.0
4,Microempresa (ME),D35,"Eletricidade, Gás E Outras Utilidades",1047.0
3,Empresa de Pequeno Porte (EPP),C24,Metalurgia,1040.0
4,Microempresa (ME),B09,Atividades De Apoio À Extração De Minerais,1038.0
3,Empresa de Pequeno Porte (EPP),H50,Transporte Aquaviário,971.0
4,Microempresa (ME),B07,Extração De Minerais Metálicos,936.0
9,Outros,C19,"Fabricação De Coque, De Produtos Derivados Do Petróleo E De Biocombustíveis",929.0
9,Outros,B09,Atividades De Apoio À Extração De Minerais,914.0
4,Microempresa (ME),K65,"Seguros, Resseguros, Previdência Complementar E Planos De Saúde",894.0
9,Outros,Q87,"Atividades De Atenção À Saúde Humana Integradas Com Assistência Social, Prestadas Em Residências Coletivas E Particulares",884.0
9,Outros,B06,Extração De Petróleo E Gás Natural,856.0
3,Empresa de Pequeno Porte (EPP),M72,Pesquisa E Desenvolvimento Científico,838.0
4,Microempresa (ME),R91,Atividades Ligadas Ao Patrimônio Cultural E Ambiental,761.0
3,Empresa de Pequeno Porte (EPP),C30,"Fabricação De Outros Equipamentos De Transporte, Exceto Veículos Automotores",695.0
9,Outros,C30,"Fabricação De Outros Equipamentos De Transporte, Exceto Veículos Automotores",690.0
9,Outros,C21,Fabricação De Produtos Farmoquímicos E Farmacêuticos,679.0
9,Outros,M75,Atividades Veterinárias,657.0
5,Micro Empresário Individual (MEI),C27,"Fabricação De Máquinas, Aparelhos E Materiais Elétricos",639.0
3,Empresa de Pequeno Porte (EPP),D35,"Eletricidade, Gás E Outras Utilidades",583.0
3,Empresa de Pequeno Porte (EPP),A03,Pesca E Aqüicultura,547.0
9,Outros,E37,Esgoto E Atividades Relacionadas,520.0
9,Outros,H53,Correio E Outras Atividades De Entrega,515.0
4,Microempresa (ME),R92,Atividades De Exploração De Jogos De Azar E Apostas,478.0
3,Empresa de Pequeno Porte (EPP),E37,Esgoto E Atividades Relacionadas,435.0
4,Microempresa (ME),H51,Transporte Aéreo,427.0
3,Empresa de Pequeno Porte (EPP),B07,Extração De Minerais Metálicos,408.0
3,Empresa de Pequeno Porte (EPP),E36,"Captação, Tratamento E Distribuição De Água",405.0
5,Micro Empresário Individual (MEI),C12,Fabricação De Produtos Do Fumo,340.0
9,Outros,R92,Atividades De Exploração De Jogos De Azar E Apostas,318.0
4,Microempresa (ME),C12,Fabricação De Produtos Do Fumo,315.0
3,Empresa de Pequeno Porte (EPP),K65,"Seguros, Resseguros, Previdência Complementar E Planos De Saúde",313.0
4,Microempresa (ME),C21,Fabricação De Produtos Farmoquímicos E Farmacêuticos,311.0
3,Empresa de Pequeno Porte (EPP),B09,Atividades De Apoio À Extração De Minerais,297.0
5,Micro Empresário Individual (MEI),C11,Fabricação De Bebidas,242.0
3,Empresa de Pequeno Porte (EPP),H51,Transporte Aéreo,217.0
4,Microempresa (ME),C19,"Fabricação De Coque, De Produtos Derivados Do Petróleo E De Biocombustíveis",187.0
5,Micro Empresário Individual (MEI),Q86,Atividades De Atenção À Saúde Humana,154.0
3,Empresa de Pequeno Porte (EPP),C19,"Fabricação De Coque, De Produtos Derivados Do Petróleo E De Biocombustíveis",153.0
9,Outros,R91,Atividades Ligadas Ao Patrimônio Cultural E Ambiental,153.0
3,Empresa de Pequeno Porte (EPP),R91,Atividades Ligadas Ao Patrimônio Cultural E Ambiental,145.0
5,Micro Empresário Individual (MEI),G46,"Comércio Por Atacado, Exceto Veículos Automotores E Motocicletas",144.0
9,Outros,C12,Fabricação De Produtos Do Fumo,139.0
3,Empresa de Pequeno Porte (EPP),C21,Fabricação De Produtos Farmoquímicos E Farmacêuticos,135.0
5,Micro Empresário Individual (MEI),J62,Atividades Dos Serviços De Tecnologia Da Informação,123.0
4,Microempresa (ME),E39,Descontaminação E Outros Serviços De Gestão De Resíduos,111.0
3,Empresa de Pequeno Porte (EPP),R92,Atividades De Exploração De Jogos De Azar E Apostas,105.0
5,Micro Empresário Individual (MEI),M71,"Serviços De Arquitetura E Engenharia, Testes E Análises Técnicas",99.0
3,Empresa de Pequeno Porte (EPP),C12,Fabricação De Produtos Do Fumo,92.0
3,Empresa de Pequeno Porte (EPP),Q88,Serviços De Assistência Social Sem Alojamento,87.0
9,Outros,B05,Extração De Carvão Mineral,82.0
5,Micro Empresário Individual (MEI),M70,Atividades De Sedes De Empresas E De Consultoria Em Gestão Empresarial,77.0
5,Micro Empresário Individual (MEI),L68,Atividades Imobiliárias,75.0
9,Outros,E39,Descontaminação E Outros Serviços De Gestão De Resíduos,70.0
3,Empresa de Pequeno Porte (EPP),X99,Atividade não Informada,63.0
5,Micro Empresário Individual (MEI),F41,Construção De Edifícios,58.0
3,Empresa de Pequeno Porte (EPP),E39,Descontaminação E Outros Serviços De Gestão De Resíduos,52.0
9,Outros,Q88,Serviços De Assistência Social Sem Alojamento,49.0
5,Micro Empresário Individual (MEI),B08,Extração De Minerais Não Metálicos,45.0
5,Micro Empresário Individual (MEI),M69,"Atividades Jurídicas, De Contabilidade E De Auditoria",42.0
4,Microempresa (ME),B05,Extração De Carvão Mineral,39.0
4,Microempresa (ME),B06,Extração De Petróleo E Gás Natural,32.0
3,Empresa de Pequeno Porte (EPP),T97,Serviços Domésticos,30.0
5,Micro Empresário Individual (MEI),K66,"Atividades Auxiliares Dos Serviços Financeiros, Seguros, Previdência Complementar E Planos De Saúde",26.0
3,Empresa de Pequeno Porte (EPP),B05,Extração De Carvão Mineral,15.0
5,Micro Empresário Individual (MEI),F42,Obras De Infraestrutura,14.0
5,Micro Empresário Individual (MEI),M75,Atividades Veterinárias,12.0
9,Outros,T97,Serviços Domésticos,11.0
3,Empresa de Pequeno Porte (EPP),B06,Extração De Petróleo E Gás Natural,7.0
5,Micro Empresário Individual (MEI),C28,Fabricação De Máquinas E Equipamentos,5.0
5,Micro Empresário Individual (MEI),N78,"Seleção, Agenciamento E Locação De Mão De Obra",5.0
5,Micro Empresário Individual (MEI),K64,Atividades De Serviços Financeiros,3.0
5,Micro Empresário Individual (MEI),A02,Produção Florestal,2.0
5,Micro Empresário Individual (MEI),C20,Fabricação De Produtos Químicos,2.0
5,Micro Empresário Individual (MEI),J60,Atividades De Rádio E De Televisão,2.0
5,Micro Empresário Individual (MEI),C26,"Fabricação De Equipamentos De Informática, Produtos Eletrônicos E Ópticos",1.0
5,Micro Empresário Individual (MEI),H51,Transporte Aéreo,1.0
5,Micro Empresário Individual (MEI),M72,Pesquisa E Desenvolvimento Científico,1.0
5,Micro Empresário Individual (MEI),Q88,Serviços De Assistência Social Sem Alojamento,1.0
